job_title,experience_years,salary_mid,work_mode,city,salary_date,source_name
Dotnet Developer,2.0,8000.0,Hybird,Cairo,2024-02-01,Kaggle_Egyptian_Salaries_2024
Android Developer,1.0,10000.0,Hybird,Cairo,2024-02-20,Kaggle_Egyptian_Salaries_2024
DevOps Engineer,0.08,10000.0,On Site,Assiut,2024-02-19,Kaggle_Egyptian_Salaries_2024
Java,1.0,20000.0,On Site,Cairo,2024-02-19,Kaggle_Egyptian_Salaries_2024
R&D computer vision,1.0,15000.0,Remotley,Cairo,2023-07-16,Kaggle_Egyptian_Salaries_2024
Frontend Developer | Vue.js,0.0,5000.0,On Site,Mansoura,2024-01-01,Kaggle_Egyptian_Salaries_2024
Mearn Full stack developer,0.5,10000.0,Remotley,America,2024-02-19,Kaggle_Egyptian_Salaries_2024
Frontend developer,4.0,75000.0,Hybird,,2024-01-30,Kaggle_Egyptian_Salaries_2024
Dot net developer,0.17,6000.0,On Site,Mansoura,2024-02-29,Kaggle_Egyptian_Salaries_2024
raact developer,1.0,15000.0,Remotley,Cairo,2024-03-01,Kaggle_Egyptian_Salaries_2024
Full Stack developer,2.0,5000.0,Remotley,Cairo,2024-02-28,Kaggle_Egyptian_Salaries_2024
.NET Developer,1.0,9000.0,Hybird,Benha,2024-01-30,Kaggle_Egyptian_Salaries_2024
Data Analysis,1.0,6000.0,On Site,Banha,2024-01-01,Kaggle_Egyptian_Salaries_2024
Full Stack Developer (MERN),2.0,20000.0,Remotley,India,2024-01-01,Kaggle_Egyptian_Salaries_2024
Full Stack developer,3.0,21.0,Hybird,Cairo,2024-02-19,Kaggle_Egyptian_Salaries_2024
1,1.0,1.0,On Site,,1-01-01,Kaggle_Egyptian_Salaries_2024
Android developer,15.0,9.0,Remotley,Cairo,2022-10-10,Kaggle_Egyptian_Salaries_2024
php,0.0,8000.0,On Site,,2023-01-25,Kaggle_Egyptian_Salaries_2024
Data Analyst,3.0,4500.0,On Site,Cairo,2024-02-19,Kaggle_Egyptian_Salaries_2024
iOS developer,1.0,12000.0,Hybird,Cairo,2023-11-01,Kaggle_Egyptian_Salaries_2024
Dot net developer,1.0,8000.0,On Site,Mansoura,2023-11-01,Kaggle_Egyptian_Salaries_2024
Asp dot net and Angular Software Engineer,2.0,12000.0,On Site,Cairo,2023-04-24,Kaggle_Egyptian_Salaries_2024
IoT embedded SW engineer,2.0,9000.0,On Site,cairo,2024-02-19,Kaggle_Egyptian_Salaries_2024
Business intelligence Engineer,2.0,27500.0,Hybird,New Cairo,2024-01-25,Kaggle_Egyptian_Salaries_2024
Sr. Front End Developer,7.0,65000.0,On Site,Smart Villages,2024-02-19,Kaggle_Egyptian_Salaries_2024
C++ Developer,2.0,25000.0,Remotley,"UAE, Abu Dhabi",2024-02-19,Kaggle_Egyptian_Salaries_2024
PHP Developer,1.0,7000.0,Hybird,tanta,2024-02-19,Kaggle_Egyptian_Salaries_2024
dot net developer,0.0,10000.0,Remotley,dubai,2024-02-19,Kaggle_Egyptian_Salaries_2024
computer science instructor,1.0,9200.0,Remotley,cairo,2023-03-19,Kaggle_Egyptian_Salaries_2024
Full Stack .NET | Angular | MSSQL,0.0,6000.0,Remotley,,2024-01-07,Kaggle_Egyptian_Salaries_2024
Backend developer,0.0,10000.0,On Site,Cairo,2024-01-01,Kaggle_Egyptian_Salaries_2024
.Net Developer,3.0,12000.0,Remotley,,2024-01-01,Kaggle_Egyptian_Salaries_2024
Android,4.0,22.0,Hybird,,2019-02-19,Kaggle_Egyptian_Salaries_2024
Flutter developer,3.0,10000.0,Hybird,giza,2024-02-19,Kaggle_Egyptian_Salaries_2024
Senior Test Engineer,3.0,34000.0,Hybird,,2024-02-01,Kaggle_Egyptian_Salaries_2024
junior software tester,1.0,5000.0,On Site,cairo,2023-11-13,Kaggle_Egyptian_Salaries_2024
Senior backend .netdeveloper,3.0,32000.0,On Site,Cairo,2024-02-01,Kaggle_Egyptian_Salaries_2024
Android Developer,15.0,15000.0,Hybird,Cairo Egypt,2023-08-01,Kaggle_Egyptian_Salaries_2024
Laravel developer,0.25,8000.0,Remotley,Cairo,2024-02-02,Kaggle_Egyptian_Salaries_2024
Oracle developer,1.0,12000.0,On Site,Cairo,2024-02-19,Kaggle_Egyptian_Salaries_2024
Java Developer,0.25,8000.0,On Site,Cairo,2024-02-19,Kaggle_Egyptian_Salaries_2024
Junior web developer,1.0,35000.0,Hybird,Cairo,2024-01-01,Kaggle_Egyptian_Salaries_2024
Software Engineer,2.0,18000.0,Hybird,Cairo,2023-01-01,Kaggle_Egyptian_Salaries_2024
Front end developer,2.0,9.0,On Site,Alex,2024-01-01,Kaggle_Egyptian_Salaries_2024
MERN Stack developer,0.5,7000.0,On Site,Cairo,2024-01-24,Kaggle_Egyptian_Salaries_2024
Back end developer (Node.js),2.0,10000.0,Remotley,Dubai,2024-02-05,Kaggle_Egyptian_Salaries_2024
.Net developer,4.0,36000.0,Hybird,Cairo,2024-02-01,Kaggle_Egyptian_Salaries_2024
React developer,15.0,8000.0,On Site,"Alex, egypt",2024-01-01,Kaggle_Egyptian_Salaries_2024
.Net Developer,2.0,15000.0,Hybird,KSA,2024-03-01,Kaggle_Egyptian_Salaries_2024
Full Stack developer,3.0,6000.0,Hybird,Cairo,2023-11-21,Kaggle_Egyptian_Salaries_2024
Software Engineer,0.0,2800.0,Remotley,Cairo,2022-09-01,Kaggle_Egyptian_Salaries_2024
Senior Full Stack developer,5.0,43.0,On Site,cairo,2023-04-01,Kaggle_Egyptian_Salaries_2024
AI Engineer,0.0,13000.0,Hybird,"Amman, Jordan",2023-08-01,Kaggle_Egyptian_Salaries_2024
Frontend developer,2.0,8000.0,Hybird,Cairo,2024-02-19,Kaggle_Egyptian_Salaries_2024
Software Engineering Lead,8.0,60000.0,Hybird,Cairo,2024-02-01,Kaggle_Egyptian_Salaries_2024
Integration developer,0.0,15000.0,Remotley,Cairo,2024-02-18,Kaggle_Egyptian_Salaries_2024
Software testing,1.0,10000.0,Remotley,,2024-02-20,Kaggle_Egyptian_Salaries_2024
Oracle DBA,1.0,15000.0,Hybird,Cairo,2023-12-01,Kaggle_Egyptian_Salaries_2024
Python Developer,3.0,85000.0,Remotley,"Illinois, USA",2024-02-14,Kaggle_Egyptian_Salaries_2024
Sr. BUSINESS INTELLIGENCE DEVELOPER,4.0,60000.0,Hybird,"GIZA, SMART VILLAGE",2024-02-25,Kaggle_Egyptian_Salaries_2024
CRM Developer,0.0,45.0,Remotley,"London, England",2023-07-15,Kaggle_Egyptian_Salaries_2024
Frontend Developer,0.5,14.5,Remotley,Cairo,2024-02-01,Kaggle_Egyptian_Salaries_2024
Data Integration,2.0,14000.0,Hybird,,2024-02-20,Kaggle_Egyptian_Salaries_2024
Frontend Developer,0.5,14500.0,Remotley,Cairo,2024-02-01,Kaggle_Egyptian_Salaries_2024
Flutter developer,1.0,9000.0,On Site,Alexandria,2023-07-15,Kaggle_Egyptian_Salaries_2024
Nodejs developer,1.0,14000.0,On Site,Giza,2024-02-01,Kaggle_Egyptian_Salaries_2024
data scientist,0.0,10000.0,Remotley,cairo,2024-02-29,Kaggle_Egyptian_Salaries_2024
Full stack (Java & React),12.0,15000.0,Hybird,Cairo,2023-06-15,Kaggle_Egyptian_Salaries_2024
Erp developer,0.0,8000.0,Hybird,Cairo,2024-02-01,Kaggle_Egyptian_Salaries_2024
Flutter developer,6.0,4000.0,Remotley,dubai,2024-02-21,Kaggle_Egyptian_Salaries_2024
Backend developer,0.67,36000.0,Remotley,Riyadh,2023-09-01,Kaggle_Egyptian_Salaries_2024
Flutter Developer,1.0,8000.0,Hybird,Cairo,2024-02-27,Kaggle_Egyptian_Salaries_2024
Java,0.0,10000.0,On Site,Cairo,2023-09-17,Kaggle_Egyptian_Salaries_2024
Data Analyst,1.0,12000.0,On Site,Cairo,2023-06-01,Kaggle_Egyptian_Salaries_2024
Data Analyst,1.0,12000.0,Remotley,"Jedah, Saudi Arabia",2024-02-01,Kaggle_Egyptian_Salaries_2024
Java developer,0.0,16000.0,On Site,Assuit,2023-12-03,Kaggle_Egyptian_Salaries_2024
Software Developer,1.0,10000.0,On Site,Cairo,2024-02-20,Kaggle_Egyptian_Salaries_2024
BI developer,3.0,13.5,On Site,Cairo,2024-02-20,Kaggle_Egyptian_Salaries_2024
BI Developer,13.0,22000.0,Remotley,cairo,2024-02-20,Kaggle_Egyptian_Salaries_2024
Machine Learning Engineer,0.0,23000.0,On Site,Cairo,2023-11-01,Kaggle_Egyptian_Salaries_2024
Data Analyst,2.0,5000.0,On Site,Mansoura,2023-05-01,Kaggle_Egyptian_Salaries_2024
.net developer,1.0,16000.0,Hybird,6 October,2024-01-04,Kaggle_Egyptian_Salaries_2024
Software engineer (Backend Java),1.0,12000.0,On Site,Cairo,2024-02-20,Kaggle_Egyptian_Salaries_2024
Data Governance Engineer,0.25,14000.0,Hybird,Cairo,2024-02-01,Kaggle_Egyptian_Salaries_2024
BI Developer,15.0,10600.0,On Site,Alexandria,2024-01-25,Kaggle_Egyptian_Salaries_2024
.net developer,1.0,10000.0,On Site,Mansoura,2023-04-16,Kaggle_Egyptian_Salaries_2024
php developer,5.0,15000.0,Hybird,cairo,2024-02-01,Kaggle_Egyptian_Salaries_2024
Back-end developer,5.0,55000.0,Hybird,Cairo,2023-10-04,Kaggle_Egyptian_Salaries_2024
Data Analyst,3.0,13000.0,On Site,"Giza,Cairo,suez,",2024-02-20,Kaggle_Egyptian_Salaries_2024
iOS Developer,3.0,16000.0,Hybird,Saudi Arabia,2023-12-01,Kaggle_Egyptian_Salaries_2024
data engineer,2.0,15000.0,Hybird,cairo,2024-01-05,Kaggle_Egyptian_Salaries_2024
junior software tester,2.0,5000.0,On Site,mansoura,2024-02-29,Kaggle_Egyptian_Salaries_2024
.Net Developer,1.0,6000.0,On Site,Mansoura,2023-04-16,Kaggle_Egyptian_Salaries_2024
Data Engineer,1.08,10000.0,Hybird,"France , Egypt , UAE and so on",2024-02-20,Kaggle_Egyptian_Salaries_2024
.Net Developer,2.0,10000.0,On Site,Mansoura,2024-02-20,Kaggle_Egyptian_Salaries_2024
.NET Developer,1.0,15000.0,Hybird,Cairo,2024-02-20,Kaggle_Egyptian_Salaries_2024
SRE,1.0,16000.0,Remotley,Cairo,2023-07-15,Kaggle_Egyptian_Salaries_2024
Ios developer,0.0,9000.0,Hybird,Cairo,2024-05-26,Kaggle_Egyptian_Salaries_2024
Junior embedded systems,0.0,28000.0,On Site,Smart village,2024-02-20,Kaggle_Egyptian_Salaries_2024
Full stack (Laravel-vueJs),3.0,25000.0,Remotley,Cairo,2024-01-01,Kaggle_Egyptian_Salaries_2024
.Net Developer,2.0,20.0,Hybird,Cairo,2024-02-01,Kaggle_Egyptian_Salaries_2024
DevOps Engineer,12.0,16000.0,Hybird,Cairo,2024-02-01,Kaggle_Egyptian_Salaries_2024
IOS Developer,3.0,25000.0,Hybird,Cairo,2024-01-01,Kaggle_Egyptian_Salaries_2024
Software Tester,1.0,9000.0,On Site,Cairo,2024-11-02,Kaggle_Egyptian_Salaries_2024
Data Analytics engineer,15.0,16500.0,Hybird,Cairo,2024-01-01,Kaggle_Egyptian_Salaries_2024
Frontend developer,2.0,3500.0,Remotley,Alexandria,2024-02-20,Kaggle_Egyptian_Salaries_2024
Php laravel developer,4.0,14000.0,Remotley,Dubai,2024-02-07,Kaggle_Egyptian_Salaries_2024
BI developer,2.0,24000.0,Remotley,Cairo,2024-02-20,Kaggle_Egyptian_Salaries_2024
Flutter developer,0.33,4000.0,On Site,Cairo,2023-11-10,Kaggle_Egyptian_Salaries_2024
DevOps Engineer,1.0,17000.0,Hybird,Cairo,2024-02-20,Kaggle_Egyptian_Salaries_2024
Senior DevOps Engineer,3.0,47000.0,Hybird,Cairo,2024-02-28,Kaggle_Egyptian_Salaries_2024
Mid level Java,2.0,28500.0,Remotley,Smart Village,2024-02-20,Kaggle_Egyptian_Salaries_2024
Juniot front end developer,3.0,23000.0,Hybird,Maadi,2024-01-28,Kaggle_Egyptian_Salaries_2024
Php developer,3.0,30000.0,On Site,Cairo,2023-02-01,Kaggle_Egyptian_Salaries_2024
Rract native,3.0,60000.0,Remotley,Riyadh,2023-09-01,Kaggle_Egyptian_Salaries_2024
Computer vision,15.0,16000.0,Remotley,giza,2024-02-20,Kaggle_Egyptian_Salaries_2024
Data Analyst,3.0,24000.0,On Site,,2024-02-20,Kaggle_Egyptian_Salaries_2024
Flutter developer,2.0,18000.0,Remotley,United States,2014-01-01,Kaggle_Egyptian_Salaries_2024
Software Engineer,0.0,25000.0,Remotley,Cairo,2024-02-01,Kaggle_Egyptian_Salaries_2024
Data Analysis,0.0,16000.0,On Site,Cairo,2024-01-01,Kaggle_Egyptian_Salaries_2024
Frontend React,0.5,4000.0,Hybird,Giza,2024-01-01,Kaggle_Egyptian_Salaries_2024
Full-Stack Engineer,1.0,16000.0,Hybird,Cairo,2024-02-20,Kaggle_Egyptian_Salaries_2024
Software Engineer,1.0,22700.0,Hybird,,2024-01-25,Kaggle_Egyptian_Salaries_2024
Full stack .net developer,1.0,10000.0,Hybird,Mansoura,2024-01-01,Kaggle_Egyptian_Salaries_2024
frontend developer react,1.0,15800.0,Hybird,cairo,2023-10-01,Kaggle_Egyptian_Salaries_2024
java spring dev,0.0,13000.0,Hybird,cairo,2024-02-20,Kaggle_Egyptian_Salaries_2024
Netsuite Technical Developer (Javascript Developer),2.0,27000.0,Remotley,cairo,2024-02-01,Kaggle_Egyptian_Salaries_2024
front end,15.0,8000.0,On Site,cairo,2024-02-05,Kaggle_Egyptian_Salaries_2024
ios developer,1.0,15000.0,Hybird,cairo,2023-03-01,Kaggle_Egyptian_Salaries_2024
Flutter developer,15.0,12000.0,On Site,El mohandseen,2024-01-01,Kaggle_Egyptian_Salaries_2024
Flutter developer,4.0,18000.0,On Site,Menofia,2024-01-01,Kaggle_Egyptian_Salaries_2024
Machine learning engineer,2.0,35000.0,Hybird,Cairo,2023-09-01,Kaggle_Egyptian_Salaries_2024
Lead Mobile Engineer,65.0,34000.0,Hybird,Cairo,2024-02-28,Kaggle_Egyptian_Salaries_2024
Flutter Developer,2.0,8000.0,On Site,Mansoura,2024-02-20,Kaggle_Egyptian_Salaries_2024
Frontend developer (angular),25.0,25.0,Hybird,Cairo,2024-02-20,Kaggle_Egyptian_Salaries_2024
Flutter developer,3.0,25000.0,Remotley,Riyadh,1998-12-25,Kaggle_Egyptian_Salaries_2024
Flutter Developer,2.0,5000.0,Remotley,Dubai,2024-02-20,Kaggle_Egyptian_Salaries_2024
Data scientist,5.0,20000.0,Remotley,Dubai,2024-02-20,Kaggle_Egyptian_Salaries_2024
Data engineer,0.33,21000.0,Remotley,,2023-11-01,Kaggle_Egyptian_Salaries_2024
data analysis,3.0,10500.0,On Site,Luxor,2024-02-27,Kaggle_Egyptian_Salaries_2024
Frontend vuejs,15.0,7000.0,Remotley,Cairo,2024-02-20,Kaggle_Egyptian_Salaries_2024
data engineer,2.0,52000.0,Remotley,cairo,2024-02-20,Kaggle_Egyptian_Salaries_2024
Team Lead,6.0,38000.0,Hybird,"Hurghada, Egypt",2024-01-01,Kaggle_Egyptian_Salaries_2024
React Developer,15.0,6000.0,used to be onsite but now im remotley,cairo,2023-05-20,Kaggle_Egyptian_Salaries_2024
PHP Developer,1.0,5000.0,Remotley,Cairo,2024-02-20,Kaggle_Egyptian_Salaries_2024
Frontend & Wordpress deveoper,15.0,30000.0,Remotley,الرياض,2024-01-01,Kaggle_Egyptian_Salaries_2024
Backend developer - Node,1.0,6000.0,Remotley,KSA,2023-10-10,Kaggle_Egyptian_Salaries_2024
Software engineer,2.0,15000.0,Hybird,Giza,2024-02-01,Kaggle_Egyptian_Salaries_2024
.NET developer backend,0.25,6000.0,Hybird,Cairo,2024-01-03,Kaggle_Egyptian_Salaries_2024
Dotnet developer,1.0,6000.0,On Site,Cairo,2024-02-28,Kaggle_Egyptian_Salaries_2024
Software Engineer,15.0,19000.0,Hybird,Cairo,2023-12-31,Kaggle_Egyptian_Salaries_2024
Php developer laravel,4.0,20000.0,On Site,Cairo,2023-07-01,Kaggle_Egyptian_Salaries_2024
DevOps,2.0,15000.0,Remotley,"Cairo, Saudia",2023-11-01,Kaggle_Egyptian_Salaries_2024
React Developer,1.0,6000.0,On Site,,2023-09-01,Kaggle_Egyptian_Salaries_2024
Junior Software Engineer,1.0,10000.0,On Site,Cairo,2023-01-01,Kaggle_Egyptian_Salaries_2024
Junior Software Engineer,2.0,16000.0,Hybird,Cairo,2024-02-01,Kaggle_Egyptian_Salaries_2024
Junior Software Engineer,2.0,20000.0,Hybird,Cairo,2023-10-21,Kaggle_Egyptian_Salaries_2024
Software Engineer,3.0,29000.0,On Site,Cairo,2024-01-01,Kaggle_Egyptian_Salaries_2024
Full Stack Python and React,0.0,15000.0,Hybird,Cairo,2024-02-22,Kaggle_Egyptian_Salaries_2024
React developer,3.0,18000.0,On Site,Giza,2024-03-27,Kaggle_Egyptian_Salaries_2024
NodeJs Developer,5.0,9000.0,On Site,New Damietta,2024-01-30,Kaggle_Egyptian_Salaries_2024
React Developer,1.0,10000.0,Remotley,Cairo,2024-02-10,Kaggle_Egyptian_Salaries_2024
Full stack .NET developer,17.5,15300.0,Hybird,Kuwait,2024-02-22,Kaggle_Egyptian_Salaries_2024
.net developer,2.0,12000.0,On Site,10th Of Ramadan,2024-02-22,Kaggle_Egyptian_Salaries_2024
DATA ANALYST,2.0,14000.0,On Site,"Cairo, Dubai, Ryadh",2024-02-22,Kaggle_Egyptian_Salaries_2024
Nodejs Backend Developer,1.0,0.0,On Site,,2024-02-22,Kaggle_Egyptian_Salaries_2024
React native developer,4.0,30000.0,Remotley,,2023-01-01,Kaggle_Egyptian_Salaries_2024
data engineer,1.0,11000.0,Hybird,,2024-02-26,Kaggle_Egyptian_Salaries_2024
Junior Oracle DBA,0.0,8000.0,On Site,Cairo,2024-03-01,Kaggle_Egyptian_Salaries_2024
Wordpress developer,3.0,40000.0,Remotley,UAE,2024-01-02,Kaggle_Egyptian_Salaries_2024
Doctor,2.0,9000.0,On Site,Damietta,2024-01-01,Kaggle_Egyptian_Salaries_2024
Full Stack Developer,2.0,11000.0,On Site,cairo,2024-02-22,Kaggle_Egyptian_Salaries_2024
Social media specialist,0.0,5000.0,On Site,Cairo,2024-02-01,Kaggle_Egyptian_Salaries_2024
Maintenance Engineer,2.0,7200.0,On Site,Cairo,2024-02-25,Kaggle_Egyptian_Salaries_2024
Software Tester,0.58,8000.0,On Site,Mansoura,2024-02-01,Kaggle_Egyptian_Salaries_2024
Textile Graphic Designer,2.0,7000.0,On Site,Cairo,1999-08-06,Kaggle_Egyptian_Salaries_2024
Android developer,1.0,7000.0,Remotley,cairo,2024-02-22,Kaggle_Egyptian_Salaries_2024
Call Center Representative,0.0,7000.0,On Site,Alexandria,2023-01-01,Kaggle_Egyptian_Salaries_2024
Procurement specialist,3.0,15000.0,On Site,Cairo,2024-02-28,Kaggle_Egyptian_Salaries_2024
Social media moderator,4.0,5400.0,Remotley,Cairo,2024-02-29,Kaggle_Egyptian_Salaries_2024
Operations manager,2.0,6500.0,Remotley,Cairo,2024-02-22,Kaggle_Egyptian_Salaries_2024
nopde js developer,2.0,85000.0,On Site,kafr - elshiekh,2024-12-22,Kaggle_Egyptian_Salaries_2024
PHP Backend Developer,1.0,16000.0,Hybird,Alexandria,2024-01-01,Kaggle_Egyptian_Salaries_2024
Java spring Developer,1.0,5000.0,Hybird,Giza,2024-01-25,Kaggle_Egyptian_Salaries_2024
.net developer,2.0,30000.0,Hybird,mansoura,2024-02-01,Kaggle_Egyptian_Salaries_2024
Software Testing Engineer,1.0,18500.0,Hybird,Cairo,1998-04-12,Kaggle_Egyptian_Salaries_2024
Material planner,2.0,8000.0,On Site,Cairo,2024-02-22,Kaggle_Egyptian_Salaries_2024
.net Deveolper,5.0,1000.0,Remotley,KSA,2022-07-01,Kaggle_Egyptian_Salaries_2024
Graphic designer,15.0,4000.0,On Site,Mansoura,2024-01-01,Kaggle_Egyptian_Salaries_2024
Sr. Data engineer,3.0,48000.0,Hybird,Cairo,2023-07-01,Kaggle_Egyptian_Salaries_2024
Python developer,3.0,30000.0,Hybird,Cairo,2024-01-01,Kaggle_Egyptian_Salaries_2024
Petroleum,2.0,90000.0,On Site,Cairo,2022-09-15,Kaggle_Egyptian_Salaries_2024
Full stack developer,6.0,2000.0,Hybird,,2023-03-01,Kaggle_Egyptian_Salaries_2024
Flutter developer,1.0,6000.0,On Site,Shebin elkom,2024-02-01,Kaggle_Egyptian_Salaries_2024
.NET Developer,2.0,24000.0,Hybird,Cairo,2024-02-19,Kaggle_Egyptian_Salaries_2024
Maintenance planner,10.0,20000.0,Hybird,Cairo,2024-01-01,Kaggle_Egyptian_Salaries_2024
Tourism sales,1.0,7500.0,On Site,Cairo,2023-09-01,Kaggle_Egyptian_Salaries_2024
..,3.0,20.0,On Site,ciro,2024-02-22,Kaggle_Egyptian_Salaries_2024
Account manager,6.0,12000.0,On Site,Cairo,2018-01-12,Kaggle_Egyptian_Salaries_2024
APM developer,0.0,15000.0,Hybird,Cairo,2024-01-25,Kaggle_Egyptian_Salaries_2024
HR personnel,5.0,11000.0,On Site,Alexandria,1994-12-15,Kaggle_Egyptian_Salaries_2024
Customer Service Representative,2.0,15000.0,On Site,Egypt,2024-02-05,Kaggle_Egyptian_Salaries_2024
Merchandising planner,4.0,14.0,Remotley,Cairo,2024-01-01,Kaggle_Egyptian_Salaries_2024
Full Stack Developer,2.0,15000.0,Remotley,Cairo,2024-03-01,Kaggle_Egyptian_Salaries_2024
Sales engineer,3.0,14000.0,On Site,Cairo,2024-02-12,Kaggle_Egyptian_Salaries_2024
Dotnet Developer,8.0,130000.0,Remotley,Europe,2024-02-22,Kaggle_Egyptian_Salaries_2024
CRM Analyst,2.0,12.0,Hybird,Cairo,2024-02-22,Kaggle_Egyptian_Salaries_2024
Junior Graphic Designer,3.0,10000.0,On Site,Cairo,2024-02-25,Kaggle_Egyptian_Salaries_2024
Sales executive,3.0,3300.0,On Site,Giza,2024-02-22,Kaggle_Egyptian_Salaries_2024
Production engineer,1.0,18800.0,On Site,Alexandria,2024-02-22,Kaggle_Egyptian_Salaries_2024
Data Analyst,3.0,18000.0,Hybird,Cairo,2023-01-24,Kaggle_Egyptian_Salaries_2024
Network engineer,5.0,10000.0,Hybird,Cairo,2002-07-14,Kaggle_Egyptian_Salaries_2024
محاسب عام,6.0,7000.0,On Site,,2024-02-01,Kaggle_Egyptian_Salaries_2024
Civil Engineer,1.0,5000.0,On Site,Badr,2024-02-22,Kaggle_Egyptian_Salaries_2024
UI UX,3.0,5600.0,Hybird,Mansoura,2024-01-26,Kaggle_Egyptian_Salaries_2024
Branding Designer,25.0,14000.0,On Site,Cairo,2024-02-22,Kaggle_Egyptian_Salaries_2024
Csr,2.0,8000.0,On Site,Alexandria,2023-01-12,Kaggle_Egyptian_Salaries_2024
Senior associate,14.0,15000.0,On Site,Alexandria,2024-03-25,Kaggle_Egyptian_Salaries_2024
Head of physiotherapy,10.0,25000.0,On Site,Alexandria,2024-02-20,Kaggle_Egyptian_Salaries_2024
Full stack developer,1.0,33.0,Hybird,Cairo,2024-01-24,Kaggle_Egyptian_Salaries_2024
Backend laravel,0.0,5000.0,Hybird,,2024-02-01,Kaggle_Egyptian_Salaries_2024
Senior Social Media editor,8.0,15000.0,Remotley,Alex,2024-02-22,Kaggle_Egyptian_Salaries_2024
social media manager,8.0,150000.0,Hybird,cairo,2024-02-01,Kaggle_Egyptian_Salaries_2024
T24 Consultant,3.0,23000.0,Hybird,Cairo,2024-01-01,Kaggle_Egyptian_Salaries_2024
SEO Specialist,35.0,14000.0,Remotley,Cairo,2023-12-01,Kaggle_Egyptian_Salaries_2024
Sales manager,13.0,550000.0,Hybird,Dubai,2024-01-01,Kaggle_Egyptian_Salaries_2024
Junior architect,1.0,6000.0,Hybird,Cairo,2023-02-01,Kaggle_Egyptian_Salaries_2024
Subsea inspection engineer,4.0,30000.0,On Site,Cairo,2024-01-01,Kaggle_Egyptian_Salaries_2024
Civil technical office engineer,7.0,10350.0,On Site,Cairo,2024-01-01,Kaggle_Egyptian_Salaries_2024
Banker,3.0,14000.0,On Site,,2024-01-27,Kaggle_Egyptian_Salaries_2024
Chef accountant,9.0,10.0,Remotley,Swiss,2024-02-01,Kaggle_Egyptian_Salaries_2024
Graphic designer,1.0,5.0,On Site,,2024-02-22,Kaggle_Egyptian_Salaries_2024
HR HED,10.0,10000.0,On Site,Egypt,2024-01-01,Kaggle_Egyptian_Salaries_2024
BI Developer intern,0.0,4000.0,Hybird,"Cairo, Smart village",2023-07-10,Kaggle_Egyptian_Salaries_2024
Nursing,0.0,2300.0,On Site,Um eldonia,2024-02-22,Kaggle_Egyptian_Salaries_2024
Software Quality Engineer,1.0,5500.0,Remotley,Cairo,2024-02-22,Kaggle_Egyptian_Salaries_2024
General Accountant,4.0,8000.0,On Site,Al Obour city,2024-02-22,Kaggle_Egyptian_Salaries_2024
Full stack .net developer,0.0,5000.0,Remotley,,1996-07-01,Kaggle_Egyptian_Salaries_2024
Customer service representative,2.0,13000.0,On Site,Cairo,2024-02-22,Kaggle_Egyptian_Salaries_2024
Full Stack .NET Developer,3.0,15000.0,Remotley,Benha,2024-01-01,Kaggle_Egyptian_Salaries_2024
Content creator/social media specialist,2.0,5000.0,Remotley,Cairo,2024-01-01,Kaggle_Egyptian_Salaries_2024
Aws engineer,1.0,10000.0,On Site,Cairo,2023-12-01,Kaggle_Egyptian_Salaries_2024
Medical repersentive,1.0,6500.0,On Site,"Mansoura, egypt",2023-03-01,Kaggle_Egyptian_Salaries_2024
Senior software engineer,6.0,25000.0,Hybird,Cairo,2024-03-05,Kaggle_Egyptian_Salaries_2024
Junior graphic designer,1.0,7000.0,On Site,Cairo,2024-01-09,Kaggle_Egyptian_Salaries_2024
Ml Eng,1.0,8000.0,On Site,cairo,2024-02-22,Kaggle_Egyptian_Salaries_2024
SEO Specialist,3.0,12000.0,On Site,Cairo,2024-02-22,Kaggle_Egyptian_Salaries_2024
Operation engineer,3.0,10000.0,On Site,Cairo,2023-01-01,Kaggle_Egyptian_Salaries_2024
Social media specialist,2.0,8000.0,On Site,Cairo,2024-02-22,Kaggle_Egyptian_Salaries_2024
Call centre Germany,0.0,5000.0,Remotley,Cairo,2024-02-22,Kaggle_Egyptian_Salaries_2024
Junior quality assurance engineer,0.0,26500.0,Hybird,Cairo,2024-02-21,Kaggle_Egyptian_Salaries_2024
Deputy section head in sales,4.0,12000.0,On Site,Cairo,2024-02-22,Kaggle_Egyptian_Salaries_2024
Software test engineer,2.0,35000.0,Hybird,Giza,2024-02-22,Kaggle_Egyptian_Salaries_2024
Call center,4.0,6000.0,On Site,,2024-02-29,Kaggle_Egyptian_Salaries_2024
Technical support,7.0,10000.0,On Site,,2024-02-25,Kaggle_Egyptian_Salaries_2024
Civil engineer,5.0,20000.0,On Site,Cairo,2024-02-22,Kaggle_Egyptian_Salaries_2024
Pharmacist,15.0,3000.0,On Site,Suez,2024-02-28,Kaggle_Egyptian_Salaries_2024
Frappe Developer,0.0,7000.0,On Site,Giza,2024-02-01,Kaggle_Egyptian_Salaries_2024
Administrator,3.0,5000.0,On Site,Cairo,2024-02-22,Kaggle_Egyptian_Salaries_2024
Broadband and network technician,3.0,10850.0,Hybird,Uk,2024-02-22,Kaggle_Egyptian_Salaries_2024
Faculty of commerce,14.0,35000.0,On Site,Cairo,2023-07-01,Kaggle_Egyptian_Salaries_2024
Ai Engineer,2.0,7000.0,Remotley,cairo,2024-02-22,Kaggle_Egyptian_Salaries_2024
Seals,3.0,2900.0,On Site,Cairo,2020-12-28,Kaggle_Egyptian_Salaries_2024
Senior full stake developer,7.0,20000.0,On Site,Cairo,2024-01-01,Kaggle_Egyptian_Salaries_2024
Outsystems low code developer,5.0,40000.0,Remotley,Cairo,2024-02-22,Kaggle_Egyptian_Salaries_2024
Sustainability and ESG Specialist,1.0,8800.0,On Site,,2023-03-01,Kaggle_Egyptian_Salaries_2024
Broker,1.0,3000.0,On Site,Mansoura,2001-10-01,Kaggle_Egyptian_Salaries_2024
Solution Architect,11.0,250000.0,Remotley,"Cairo, Startup and I am consult them remotely as a part timer.",2024-01-01,Kaggle_Egyptian_Salaries_2024
Senior architect,6.0,25000.0,On Site,Cairo,2023-11-09,Kaggle_Egyptian_Salaries_2024
Full-stack developer,2.0,5000.0,On Site,Cairo,2024-02-01,Kaggle_Egyptian_Salaries_2024
Interior designer,1.0,3500.0,On site and remotly,Kafr el sheikh,2024-02-29,Kaggle_Egyptian_Salaries_2024
Graphic designer,5.0,7500.0,Hybird,Cairo,2024-01-01,Kaggle_Egyptian_Salaries_2024
Mechanical Engineer,3.0,11000.0,On Site,,2024-02-22,Kaggle_Egyptian_Salaries_2024
.net developer,0.33,10000.0,On Site,Cairo,2024-02-22,Kaggle_Egyptian_Salaries_2024
Agricultural engineer,1.0,7000.0,On Site,Cairo,2024-02-22,Kaggle_Egyptian_Salaries_2024
Odoo Developer,5.0,21000.0,On Site,Cairo,2024-01-01,Kaggle_Egyptian_Salaries_2024
Marketing executive,10.0,19000.0,Remotley,Cairo,2023-03-05,Kaggle_Egyptian_Salaries_2024
.Net software developer,1.0,13000.0,Remotley,Cairo,2024-01-28,Kaggle_Egyptian_Salaries_2024
Electrical engineer,7.0,18000.0,On Site,Cairo,2024-02-22,Kaggle_Egyptian_Salaries_2024
Frontend developer,1.0,4000.0,On Site,Mansoura,2023-02-01,Kaggle_Egyptian_Salaries_2024
Equine surgeon veterinarian,2.0,6600.0,On Site,Netherlands,1996-09-01,Kaggle_Egyptian_Salaries_2024
Junior Web Developer (Wordpress/PHP),1.0,360.0,Remotley,London,2024-12-01,Kaggle_Egyptian_Salaries_2024
Sr. Nodejs developer,4.0,82000.0,Remotley,Jeddah,2023-10-20,Kaggle_Egyptian_Salaries_2024
Network engineer,0.0,10000.0,On Site,,2024-02-22,Kaggle_Egyptian_Salaries_2024
frontend developer,0.0,9000.0,Hybird,cairo,1995-02-20,Kaggle_Egyptian_Salaries_2024
Interior designer,3.0,8000.0,Hybird,Cairo,2023-12-30,Kaggle_Egyptian_Salaries_2024
Network Engineer,1.0,10000.0,Remotley,Cairo,2024-02-22,Kaggle_Egyptian_Salaries_2024
System engineer,3.0,20000.0,On Site,Kuwait,2024-02-22,Kaggle_Egyptian_Salaries_2024
Senior Node js developer,3.0,47000.0,Hybird,Saudi Arabia,2024-01-25,Kaggle_Egyptian_Salaries_2024
Software Developer,4.0,25000.0,Hybird,Alexandria,2024-01-01,Kaggle_Egyptian_Salaries_2024
Team lead,11.0,100000.0,Remotley,Cairo,1990-12-11,Kaggle_Egyptian_Salaries_2024
Physiotherapist,0.0,6000.0,On Site,Cairo,2024-02-22,Kaggle_Egyptian_Salaries_2024
Software Engineer,0.0,51000.0,Hybird,,2023-01-25,Kaggle_Egyptian_Salaries_2024
Cad Designer,1.0,5000.0,On Site,Cairo,30-01-20,Kaggle_Egyptian_Salaries_2024
IT compliance specialist,3.0,15000.0,On Site,Riyadh,2020-01-15,Kaggle_Egyptian_Salaries_2024
Technical office engineer,8.0,5.0,On Site,10th of ramadan city,2024-02-27,Kaggle_Egyptian_Salaries_2024
Frontend Developer,25.0,8000.0,On Site,Alexandria,2024-02-05,Kaggle_Egyptian_Salaries_2024
English Instructor,14.0,10000.0,On Site,,2024-01-30,Kaggle_Egyptian_Salaries_2024
Chemist,1.0,5000.0,On Site,Obour city,2024-02-22,Kaggle_Egyptian_Salaries_2024
Android developer,5.0,50000.0,Hybird,Cairo,1993-01-20,Kaggle_Egyptian_Salaries_2024
DevOps Engineer,5.0,27900.0,Remotley,,2024-01-31,Kaggle_Egyptian_Salaries_2024
Backend Developer - Django,1.0,12.5,Remotley,cairo,2023-09-01,Kaggle_Egyptian_Salaries_2024
Media buyer,25.0,8000.0,On Site,Mansoura,2024-02-05,Kaggle_Egyptian_Salaries_2024
back-end developer,0.0,18000.0,Hybird,Cairo,2023-01-15,Kaggle_Egyptian_Salaries_2024
Procurement specialist,1.0,7300.0,On Site,Cairo,2023-04-02,Kaggle_Egyptian_Salaries_2024
Back end team leader,7.0,114.0,Remotley,Remote,2023-04-20,Kaggle_Egyptian_Salaries_2024
Team leader,4.0,13000.0,On Site,Cairo,2024-02-29,Kaggle_Egyptian_Salaries_2024
Accounting manager,19.0,40000.0,Hybird,Cairo,2024-01-31,Kaggle_Egyptian_Salaries_2024
Integration Engineer,3.0,35000.0,Remotley,Cairo,2024-01-31,Kaggle_Egyptian_Salaries_2024
Customer success specialist,4.0,19500.0,Hybird,Cairo,2024-02-01,Kaggle_Egyptian_Salaries_2024
Technical office engineer,8.0,8000.0,On Site,Cairo,2024-02-01,Kaggle_Egyptian_Salaries_2024
Talent acquisition specialist,27.0,8500.0,Remotley,Giza,2024-02-22,Kaggle_Egyptian_Salaries_2024
ELECTRICAL ENGINEER,3.0,11000.0,On Site,Cairo,2024-02-22,Kaggle_Egyptian_Salaries_2024
Mobile developer,3.0,16000.0,Hybird,Alexandria,2024-02-01,Kaggle_Egyptian_Salaries_2024
RPA Developer,0.0,12000.0,Remotley,Cairo,2024-01-01,Kaggle_Egyptian_Salaries_2024
Front end,1.0,9000.0,Remotley,Saudi,2024-02-29,Kaggle_Egyptian_Salaries_2024
Product Engineer (Machine Learning),0.0,27000.0,Hybird,Cairo,2023-08-23,Kaggle_Egyptian_Salaries_2024
Principal design development engineer,9.0,24000.0,On Site,Cairo,2024-01-01,Kaggle_Egyptian_Salaries_2024
Logistics assistant,2.0,9000.0,On Site,Cairo,2024-01-01,Kaggle_Egyptian_Salaries_2024
Software engineer (pyside),1.0,15000.0,Remotley,Cairo,2024-02-25,Kaggle_Egyptian_Salaries_2024
Frontend engineer,3.0,40000.0,Hybird,Cairo,2024-02-22,Kaggle_Egyptian_Salaries_2024
IT specialist,3.0,13000.0,On Site,Aswan,2024-02-22,Kaggle_Egyptian_Salaries_2024
Control operator,3.0,6500.0,On Site,Mansuora,2024-02-22,Kaggle_Egyptian_Salaries_2024
Pharmacist,5.0,5000.0,On Site,Cairo,2024-02-22,Kaggle_Egyptian_Salaries_2024
Full stack developer,0.08,5000.0,On Site,Tanta,2023-02-15,Kaggle_Egyptian_Salaries_2024
Frontend Developer (React),0.0,15000.0,Remotley,USA,2024-02-22,Kaggle_Egyptian_Salaries_2024
"Full-Stack (.Net, React)",6.0,60000.0,Hybird,Cairo,2023-09-01,Kaggle_Egyptian_Salaries_2024
Data Engineer,1.0,21000.0,Hybird,Cairo,2024-02-22,Kaggle_Egyptian_Salaries_2024
Frontend developer,0.0,8000.0,On Site,Cairo,2024-01-01,Kaggle_Egyptian_Salaries_2024
React native developer,1.0,23000.0,Hybird,Cairo,2024-02-01,Kaggle_Egyptian_Salaries_2024
Product Owner,8.0,32000.0,Hybird,Cairo,2024-02-02,Kaggle_Egyptian_Salaries_2024
Production engineer,4.0,6700.0,On Site,Sadat city,2024-02-22,Kaggle_Egyptian_Salaries_2024
Production Engineer,5.0,10000.0,On Site,Cairo,2024-02-22,Kaggle_Egyptian_Salaries_2024
Physiotherapy,5.0,6000.0,On Site,,2024-02-01,Kaggle_Egyptian_Salaries_2024
Front end,3.0,7000.0,On Site,Cairo,2024-01-01,Kaggle_Egyptian_Salaries_2024
PHP Developer,2.0,10000.0,On Site,Cairo,2024-02-22,Kaggle_Egyptian_Salaries_2024
Ap accountat,2.0,9300.0,Remotley,Cairo,2024-02-26,Kaggle_Egyptian_Salaries_2024
Cost control engineer,6.0,13000.0,On Site,cairo,2024-02-22,Kaggle_Egyptian_Salaries_2024
Software testing 2,4.0,32000.0,Remotley,Cairo,2024-01-01,Kaggle_Egyptian_Salaries_2024
Pharmacist,1.0,2000.0,On Site,Monufia,2024-02-22,Kaggle_Egyptian_Salaries_2024
Writer,4.0,8000.0,On Site,Cairo,2024-03-01,Kaggle_Egyptian_Salaries_2024
Frontend developer,3.0,25000.0,Hybird,Cairo,2023-08-24,Kaggle_Egyptian_Salaries_2024
Flutter Developer,1.0,13000.0,Hybird,Cairo,2024-02-22,Kaggle_Egyptian_Salaries_2024
Engineer,2.0,6000.0,On Site,Cairo,2024-02-01,Kaggle_Egyptian_Salaries_2024
Senior ICT Technical Director,10.0,300000.0,Remotley,Shenzhen,2024-01-25,Kaggle_Egyptian_Salaries_2024
Wep developer,4.0,5000.0,Hybird,Cairo,2020-09-01,Kaggle_Egyptian_Salaries_2024
Database Administrator,2.0,46000.0,Hybird,Smart,2024-02-15,Kaggle_Egyptian_Salaries_2024
Data Engineer,1.0,12000.0,Hybird,Alexandria,2023-02-01,Kaggle_Egyptian_Salaries_2024
Biotechnology,2.0,10000.0,Remotley,Cairo,2024-02-22,Kaggle_Egyptian_Salaries_2024
Video editor,3.0,12000.0,On Site,Cairo,2024-02-22,Kaggle_Egyptian_Salaries_2024
Senior Contracts Engineer,24.0,30000.0,On Site,Cairo,2024-01-01,Kaggle_Egyptian_Salaries_2024
Php,15.0,4500.0,On Site,Giza,2024-01-04,Kaggle_Egyptian_Salaries_2024
Product Designer,4.0,35000.0,Hybird,Cairo,2024-02-22,Kaggle_Egyptian_Salaries_2024
Sales,8.0,11000.0,On Site,Cairo,2017-01-01,Kaggle_Egyptian_Salaries_2024
Business Intelligence Analyst,2.0,19600.0,Hybird,Cairo,2024-02-22,Kaggle_Egyptian_Salaries_2024
System Admin,3.0,18000.0,Hybird,Cairo,2024-02-22,Kaggle_Egyptian_Salaries_2024
Medical Representative,3.0,8000.0,On Site,Cairo,2024-02-22,Kaggle_Egyptian_Salaries_2024
Ai developer,0.25,6000.0,Hybird,Giza Egypt,2024-02-01,Kaggle_Egyptian_Salaries_2024
Php,4.0,3000.0,On Site,Cairo,1999-02-07,Kaggle_Egyptian_Salaries_2024
Dentist,5.0,3000.0,On Site,Cairo,1999-06-05,Kaggle_Egyptian_Salaries_2024
Front end developer,3.0,16500.0,On Site,Alexandria,2023-01-01,Kaggle_Egyptian_Salaries_2024
Senior GIS,5.0,15800.0,On Site,Giza,2024-01-01,Kaggle_Egyptian_Salaries_2024
Graphic designer,3.0,9000.0,On Site,Cairo,2024-02-22,Kaggle_Egyptian_Salaries_2024
Healthcare quality,6.0,14500.0,On Site,Cairo,2024-02-22,Kaggle_Egyptian_Salaries_2024
iOS Developer,3.0,39000.0,Hybird,Cairo,2023-07-01,Kaggle_Egyptian_Salaries_2024
Veterinarian,4.0,7000.0,On Site,,2024-02-22,Kaggle_Egyptian_Salaries_2024
Pharmacist,4.0,5000.0,Hybird,Cairo,2024-02-23,Kaggle_Egyptian_Salaries_2024
Civil Engineer,8.0,25000.0,On Site,Cairo,2024-01-02,Kaggle_Egyptian_Salaries_2024
Community pharmacist,1.0,5000.0,On Site,Alexandria,2024-01-01,Kaggle_Egyptian_Salaries_2024
Hr manager,2.0,7000.0,On Site,damietta,2024-01-31,Kaggle_Egyptian_Salaries_2024
Backend Node.js,2.0,14000.0,Hybird,Cairo,2024-02-01,Kaggle_Egyptian_Salaries_2024
.Net Developer,3.0,16000.0,Remotley,Main site in Saudi-Arabia and branch in Cairo,2024-01-31,Kaggle_Egyptian_Salaries_2024
Flutter Developer,1.0,12000.0,Remotley,Saudi Arabia,2024-02-23,Kaggle_Egyptian_Salaries_2024
Mechanical engineering,3.0,9000.0,On Site,10th of ramadan,2022-01-01,Kaggle_Egyptian_Salaries_2024
Ui/ux designer,1.0,8000.0,Hybird,,2025-12-03,Kaggle_Egyptian_Salaries_2024
Frontend developer,3.0,70000.0,Remotley,dubai,2001-11-08,Kaggle_Egyptian_Salaries_2024
Front end developer,3.0,20000.0,Remotley,Cairo,2024-01-01,Kaggle_Egyptian_Salaries_2024
b2b,3.0,20000.0,On Site,dubai,2023-01-12,Kaggle_Egyptian_Salaries_2024
Planning Engineer (Controls),7.0,47000.0,On Site,Cairo,2024-01-24,Kaggle_Egyptian_Salaries_2024
Business analyst and Bi developer,3.0,15000.0,Hybird,Cairo,2023-10-23,Kaggle_Egyptian_Salaries_2024
Big Data Engineer,2.0,23000.0,Hybird,Maadi,2024-01-31,Kaggle_Egyptian_Salaries_2024
Credit risk Team leader,2.0,20000.0,On Site,Cairo,2024-01-27,Kaggle_Egyptian_Salaries_2024
Juinor front-end developer,1.0,8000.0,Hybird,,2024-01-01,Kaggle_Egyptian_Salaries_2024
SALES,1.0,5000.0,On Site,Cairo,2024-01-03,Kaggle_Egyptian_Salaries_2024
Java Developer,1.0,20000.0,Hybird,cairo,2024-02-01,Kaggle_Egyptian_Salaries_2024
Senior R&D Sw Manager,18.0,170000.0,Hybird,Cairo,2024-02-01,Kaggle_Egyptian_Salaries_2024
iOS Engineer,3.0,50000.0,Hybird,,2024-01-01,Kaggle_Egyptian_Salaries_2024
Next.js Developer,1.0,18.0,Remotley,Kuwait,2024-02-01,Kaggle_Egyptian_Salaries_2024
Production Engineer,6.0,18000.0,On Site,Ain sokhna,2024-02-23,Kaggle_Egyptian_Salaries_2024
Restaurants maneger,10.0,25000.0,On Site,Cairo,2024-02-14,Kaggle_Egyptian_Salaries_2024
Django Software Engineer,2.0,58000.0,Remotley,cairo,2024-02-01,Kaggle_Egyptian_Salaries_2024
Junior .Net Full-Stack developer,1.0,12000.0,Remotley,cairo,2023-09-30,Kaggle_Egyptian_Salaries_2024
Data Analyst,1.0,15000.0,Hybird,Cairo,2024-02-01,Kaggle_Egyptian_Salaries_2024
brand developer,4.0,15000.0,On Site,cairo,2024-02-15,Kaggle_Egyptian_Salaries_2024
accountant,2.0,5000.0,On Site,Cairo,2024-02-23,Kaggle_Egyptian_Salaries_2024
Project control engineer,3.0,9000.0,On Site,Cairo,2024-01-01,Kaggle_Egyptian_Salaries_2024
Senior Software Engineer,5.0,113000.0,Remotely but sometimes goes to the office,Cairo,2024-02-23,Kaggle_Egyptian_Salaries_2024
Lawyer,13.0,9000.0,On Site,Cairo,2023-09-16,Kaggle_Egyptian_Salaries_2024
Product manager,1.0,45000.0,Hybird,Cairo,2024-02-01,Kaggle_Egyptian_Salaries_2024
Junior Frontend Engineer,1.0,8000.0,Remotley,6 october city,2024-02-23,Kaggle_Egyptian_Salaries_2024
Personal banker,2.0,11500.0,On Site,Cairo,2024-02-01,Kaggle_Egyptian_Salaries_2024
Fullstack dotnet developer,1.0,20000.0,Hybird,Cairo,2024-02-23,Kaggle_Egyptian_Salaries_2024
Doctor,5.0,5500.0,On Site,Aswan,2024-02-23,Kaggle_Egyptian_Salaries_2024
Machine Learning Engineer,1.0,12000.0,Remotley,Cairo,2024-01-30,Kaggle_Egyptian_Salaries_2024
Head of Products,11.0,60000.0,Hybird,Cairo,2024-02-23,Kaggle_Egyptian_Salaries_2024
Full stack developer,4.0,30000.0,Hybird,Cairo,2024-02-01,Kaggle_Egyptian_Salaries_2024
"Pharmacist, gov",6.0,5100.0,On Site,,2024-02-20,Kaggle_Egyptian_Salaries_2024
DevOps Engineer,7.0,80.0,Hybird,,2024-02-01,Kaggle_Egyptian_Salaries_2024
Accountant,2.0,7500.0,On Site,,2024-02-23,Kaggle_Egyptian_Salaries_2024
Ai developer,3.0,20000.0,On Site,,2024-01-01,Kaggle_Egyptian_Salaries_2024
Agriculture engineer,1.0,5200.0,On Site,Cairo,2001-08-07,Kaggle_Egyptian_Salaries_2024
Data analyst,0.0,8000.0,On Site,Cairo,2024-01-01,Kaggle_Egyptian_Salaries_2024
accountant,1.0,8600.0,On Site,Cairo,2024-02-23,Kaggle_Egyptian_Salaries_2024
IT support,3.0,3000.0,On Site,Minia,2019-05-16,Kaggle_Egyptian_Salaries_2024
.NET Developer,4.0,45000.0,Hybird,Cairo,2024-02-25,Kaggle_Egyptian_Salaries_2024
Desk top,5.0,5000.0,On Site,Cairo,2024-02-23,Kaggle_Egyptian_Salaries_2024
Engineer irrigation,3.0,8.0,On Site,Cairo,2024-02-23,Kaggle_Egyptian_Salaries_2024
Planning engineer,6.0,23000.0,On Site,Cairo,2024-01-01,Kaggle_Egyptian_Salaries_2024
Android developer,2.0,16000.0,Remotley,"Cairo, Egypt",2024-02-23,Kaggle_Egyptian_Salaries_2024
.net developer,3.0,39000.0,Hybird,,2024-01-28,Kaggle_Egyptian_Salaries_2024
Marketing,3.0,25.0,Hybird,Cairo,2024-09-12,Kaggle_Egyptian_Salaries_2024
Data management engineer,1.0,6000.0,Hybird,Alexandria,2023-11-05,Kaggle_Egyptian_Salaries_2024
Deputy branch head,16.0,37000.0,On Site,Cairo,2024-02-25,Kaggle_Egyptian_Salaries_2024
IT System Administrator,5.0,40000.0,Hybird,Cairo,2024-02-23,Kaggle_Egyptian_Salaries_2024
Reliability engineer,3.0,16.0,Hybird,Cairo,2024-02-01,Kaggle_Egyptian_Salaries_2024
Spanish speaker,2.0,15000.0,Remotley,Cairo,2024-01-25,Kaggle_Egyptian_Salaries_2024
Data scientist,2.0,26000.0,Hybird,Cairo,2024-02-29,Kaggle_Egyptian_Salaries_2024
Php full stack,5.0,13000.0,Hybird,Cairo,2024-02-23,Kaggle_Egyptian_Salaries_2024
Sr.full stack developer php,5.0,13000.0,Hybird,Cairo,2024-02-23,Kaggle_Egyptian_Salaries_2024
Architect,3.0,20000.0,On Site,Cairo,2024-01-31,Kaggle_Egyptian_Salaries_2024
Dc,5.0,9000.0,Hybird,Cairo,24-12-02,Kaggle_Egyptian_Salaries_2024
Otolaryngology consutant (MD  degree),19962006.0,12000.0,On Site,Cairo,2024-02-22,Kaggle_Egyptian_Salaries_2024
Java Developer,5.0,14000.0,Hybird,Cairo,2023-12-21,Kaggle_Egyptian_Salaries_2024
Project manager (site engineer),6.0,10000.0,On Site,Fifth settlement,2024-02-22,Kaggle_Egyptian_Salaries_2024
Java Deveoper,0.0,13.0,On Site,Asyut,2023-10-02,Kaggle_Egyptian_Salaries_2024
Junior Machine Learning Engineer,1.0,20000.0,Hybird,,2023-09-03,Kaggle_Egyptian_Salaries_2024
COO,15.0,20000.0,Hybird,,2024-01-03,Kaggle_Egyptian_Salaries_2024
Systems Engineer,0.0,12000.0,On Site,,2023-09-03,Kaggle_Egyptian_Salaries_2024
Senior Product Designer,8.0,44000.0,Hybird,Cairo,2024-02-22,Kaggle_Egyptian_Salaries_2024
Learning and development specialist,1.33,13000.0,On Site,Cairo,2024-01-28,Kaggle_Egyptian_Salaries_2024
Dentist,2.0,2400.0,On Site,Elminia,2024-02-10,Kaggle_Egyptian_Salaries_2024
Backend Engineer,1.0,16000.0,Hybird,Cairo,2024-02-25,Kaggle_Egyptian_Salaries_2024
Android Developer,4.0,16000.0,Hybird,"Cairo, Egypt",2023-08-01,Kaggle_Egyptian_Salaries_2024
Java developer,1.0,14.0,Hybird,Cairo,2024-02-23,Kaggle_Egyptian_Salaries_2024
Software developers,9.0,75000.0,On Site,Cairo,2024-02-23,Kaggle_Egyptian_Salaries_2024
Dental Technologist,2.0,6000.0,On Site,Alexandria,2024-02-25,Kaggle_Egyptian_Salaries_2024
Pharmacist,4.0,8700.0,On Site,Cairo,2024-02-01,Kaggle_Egyptian_Salaries_2024
Medicine,2.0,40000.0,On Site,Cairo,2022-02-22,Kaggle_Egyptian_Salaries_2024
Logistics management,1.0,13000.0,Hybird,Alex,2024-01-01,Kaggle_Egyptian_Salaries_2024
Android developer,2.0,20000.0,Hybird,October,2023-12-03,Kaggle_Egyptian_Salaries_2024
Senior Java developer,45.0,32000.0,Hybird,,2024-02-23,Kaggle_Egyptian_Salaries_2024
Software Engineer,2.0,15000.0,Hybird,Cairo,2024-01-01,Kaggle_Egyptian_Salaries_2024
Software Engineer,3.0,65000.0,Remotley,USA,2024-01-01,Kaggle_Egyptian_Salaries_2024
Accounting,0.0,2500.0,On Site,Cairo,2024-02-23,Kaggle_Egyptian_Salaries_2024
Csr,1.0,9500.0,On Site,Alexandria,2024-02-01,Kaggle_Egyptian_Salaries_2024
Customer Service Executive,3.0,11000.0,On Site,Cairo,2024-02-25,Kaggle_Egyptian_Salaries_2024
Backend developer,1.0,7000.0,On Site,Cairo,2023-10-31,Kaggle_Egyptian_Salaries_2024
Php developer,4.0,45000.0,Remotley,Cairo,2023-05-01,Kaggle_Egyptian_Salaries_2024
PHP Developer,2.0,8000.0,Remotley,Kuwait,2024-02-29,Kaggle_Egyptian_Salaries_2024
Senior Key Account Manager,3.0,15000.0,Hybird,Cairo,2024-01-01,Kaggle_Egyptian_Salaries_2024
Android Developer,15.0,13400.0,Remotley,Cairo,2024-02-23,Kaggle_Egyptian_Salaries_2024
Oracle Consultant,15.0,12000.0,Remotley,Cairo,2024-02-01,Kaggle_Egyptian_Salaries_2024
Backend java developer,0.67,25000.0,On Site,Cairo,2024-01-27,Kaggle_Egyptian_Salaries_2024
Property consultant,1.0,6000.0,On Site,Cairo,2024-02-28,Kaggle_Egyptian_Salaries_2024
Call center,1.0,3400.0,On Site,Assuit,2024-02-28,Kaggle_Egyptian_Salaries_2024
Software Developer,3.0,27000.0,Remotley,Alexandria,2024-01-01,Kaggle_Egyptian_Salaries_2024
Performance Analyst,1.0,18000.0,On Site,Cairo,2024-02-23,Kaggle_Egyptian_Salaries_2024
.Net developer,5.0,10000.0,Hybird,Cairo,2024-02-28,Kaggle_Egyptian_Salaries_2024
IT business analyst,1.0,15000.0,On Site,Giza,2024-02-23,Kaggle_Egyptian_Salaries_2024
Assistant of pharmacy,6.0,1250.0,On Site,El Minya,2024-07-01,Kaggle_Egyptian_Salaries_2024
Software Engineer,1.0,15000.0,Hybird,Cairo,2024-02-23,Kaggle_Egyptian_Salaries_2024
.net developer,4.0,30000.0,On Site,Cairo,2024-02-01,Kaggle_Egyptian_Salaries_2024
Senior consultant media monitoring,5.0,8000.0,Tow days per week,Cairo,2024-02-25,Kaggle_Egyptian_Salaries_2024
Senior iOS developer,4.0,31000.0,On Site,Cairo,2024-01-01,Kaggle_Egyptian_Salaries_2024
Telesales,0.67,6800.0,On Site,Maadi,2024-02-22,Kaggle_Egyptian_Salaries_2024
Python developer,2.0,22000.0,Hybird,Cairo,2023-12-01,Kaggle_Egyptian_Salaries_2024
Automation Engineer,1.0,6000.0,On Site,Cairo,2024-02-01,Kaggle_Egyptian_Salaries_2024
Junior Embedded linux engineer,0.0,26000.0,Hybird,Smart village,2024-02-21,Kaggle_Egyptian_Salaries_2024
Laravel Full stack Developer,1.0,7000.0,Hybird,Giza,2024-02-23,Kaggle_Egyptian_Salaries_2024
Frontend Developer,1.0,8000.0,On Site,"6 october, cairo",2024-02-12,Kaggle_Egyptian_Salaries_2024
.Net developer,3.0,10000.0,Remotley,السعودية,2024-01-01,Kaggle_Egyptian_Salaries_2024
Administration,8.0,10000.0,Monthly,Cairo,2024-02-01,Kaggle_Egyptian_Salaries_2024
Senior iOS developer,5.0,38000.0,Hybird,Cairo,2024-02-23,Kaggle_Egyptian_Salaries_2024
Ui Ux,1.0,2000.0,On Site,,2024-02-23,Kaggle_Egyptian_Salaries_2024
Software Engineer,4.0,30000.0,Remotley,Dubai,2024-01-01,Kaggle_Egyptian_Salaries_2024
Junior business analyst,1.0,8000.0,On Site,Giza,2024-01-01,Kaggle_Egyptian_Salaries_2024
Data analyst,2.0,15000.0,Remotley,Cairo,2024-02-23,Kaggle_Egyptian_Salaries_2024
senior software tester,5.0,31000.0,Remotley,"Jordan, Amman",2024-01-01,Kaggle_Egyptian_Salaries_2024
Front end developer,1.0,5000.0,On Site,,2024-11-30,Kaggle_Egyptian_Salaries_2024
sr Frontend developer,4.0,18000.0,Hybird,shrouq,2024-01-01,Kaggle_Egyptian_Salaries_2024
Sales,5.0,3000.0,On Site,Oman,2024-02-21,Kaggle_Egyptian_Salaries_2024
Executive Assistant to Chief of party,15.0,20000.0,On Site,Cairo,2023-12-01,Kaggle_Egyptian_Salaries_2024
Flutter developer,6.0,7000.0,On Site,Mansoura,2024-02-23,Kaggle_Egyptian_Salaries_2024
technical office engineer,1.0,8000.0,Hybird,cairo,2024-02-23,Kaggle_Egyptian_Salaries_2024
Graphic designer,2.0,5000.0,On Site,Alexanderia,2024-02-23,Kaggle_Egyptian_Salaries_2024
Collection  officer,1.0,6000.0,On Site,Cairo,2024-02-23,Kaggle_Egyptian_Salaries_2024
Junior accouts payable accountant,2.0,11500.0,On Site,Cairo,2023-01-31,Kaggle_Egyptian_Salaries_2024
Hr special,1.0,6500.0,On Site,Cairo,2024-02-23,Kaggle_Egyptian_Salaries_2024
Azure data engineer,15.0,58000.0,Hybird,Cairo,2024-01-01,Kaggle_Egyptian_Salaries_2024
nnn,0.5,2.0,On Site,,2024-02-25,Kaggle_Egyptian_Salaries_2024
Php,3.0,20000.0,Remotley,Cairo,2024-01-01,Kaggle_Egyptian_Salaries_2024
Quality control manger,2.0,6000.0,On Site,Cairo,2022-08-01,Kaggle_Egyptian_Salaries_2024
Sr. React Native Developer,35.0,37000.0,Hybird,Cairo,2024-01-28,Kaggle_Egyptian_Salaries_2024
Junior Fullstack Developer Laravel Vue,5.0,8000.0,On Site,Nasr city,2023-10-15,Kaggle_Egyptian_Salaries_2024
Data Scientist,1.0,30000.0,Hybird,Cairo,2024-02-23,Kaggle_Egyptian_Salaries_2024
Cybersecurity Engineer,1.0,17600.0,Hybird,Cairo,2024-01-25,Kaggle_Egyptian_Salaries_2024
B2b2c customer portal senior specialist,3.0,35000.0,On Site,Cairo,2024-03-01,Kaggle_Egyptian_Salaries_2024
Agriculture engineering,0.0,4000.0,On Site,Alexandria,2024-01-31,Kaggle_Egyptian_Salaries_2024
Full stack web developer,1.0,7000.0,On Site,Cairo,2023-07-09,Kaggle_Egyptian_Salaries_2024
embedded software engineer,1.0,12000.0,On Site,cairo,2024-02-28,Kaggle_Egyptian_Salaries_2024
Laravel backend developer,4.0,20000.0,Hybird,Cairo,2023-02-23,Kaggle_Egyptian_Salaries_2024
Chinese Translator,10.0,10600.0,On Site,Cairo,2024-02-23,Kaggle_Egyptian_Salaries_2024
Dot net developer,7.0,53050.0,Hybird,Cairo,2024-02-26,Kaggle_Egyptian_Salaries_2024
Data scientist,2.0,18000.0,On Site,Maadi,2024-02-01,Kaggle_Egyptian_Salaries_2024
Bim coordinator,9.0,38000.0,On Site,Cairo,2024-02-01,Kaggle_Egyptian_Salaries_2024
Data Engineer,2.0,27000.0,Hybird,"Smart village, Giza",2024-02-12,Kaggle_Egyptian_Salaries_2024
Senior quality control,7.0,69000.0,Hybird,kaa,2024-01-01,Kaggle_Egyptian_Salaries_2024
Full stack Engineer,0.67,11000.0,On Site,"Alexandria, Egypt",2023-09-30,Kaggle_Egyptian_Salaries_2024
Senior Embedded Software Engineer,3.0,50000.0,Hybird,Cairo,2024-02-22,Kaggle_Egyptian_Salaries_2024
Full stack software engineer,2.0,25000.0,Hybird,Cairo,2024-01-30,Kaggle_Egyptian_Salaries_2024
JavaScript Developer,1.0,24000.0,On Site,Cairo,2023-11-28,Kaggle_Egyptian_Salaries_2024
Machine Learning Engineer,4.0,4000.0,Remotley,"Toronto, Canada",2024-02-23,Kaggle_Egyptian_Salaries_2024
Penetration tester,1.0,15000.0,Hybird,Cairo,2023-10-01,Kaggle_Egyptian_Salaries_2024
Nodejs developer,1.0,7000.0,Hybird,"Cairo, maadi",2023-09-05,Kaggle_Egyptian_Salaries_2024
Data Analyst,4.0,35000.0,On Site,Cairo,2024-01-28,Kaggle_Egyptian_Salaries_2024
Oracle apex developer,1.0,9500.0,On Site,Cairo,2024-02-23,Kaggle_Egyptian_Salaries_2024
KG teacher,1.0,1800.0,On Site,Sadat city,2024-02-05,Kaggle_Egyptian_Salaries_2024
Teacher Assistant,0.42,10000.0,On Site,Giza,2024-02-18,Kaggle_Egyptian_Salaries_2024
Digital marketing,1.0,2000.0,On Site,Tanta,2024-02-29,Kaggle_Egyptian_Salaries_2024
English teacher,0.0,2500.0,On Site,Cairo,2024-02-29,Kaggle_Egyptian_Salaries_2024
. Net Developer,0.75,15000.0,On Site,New cairo,2023-06-01,Kaggle_Egyptian_Salaries_2024
Full stack developer,3.0,122000.0,Hybird,,2023-09-01,Kaggle_Egyptian_Salaries_2024
Accounting Manager,3.0,20000.0,On Site,Alexandria,2024-01-01,Kaggle_Egyptian_Salaries_2024
Software Business Analysis,1.0,28.0,Remotley,Cairo,2024-02-23,Kaggle_Egyptian_Salaries_2024
PHP Developer,1.0,6000.0,On Site,Alexandria,1995-02-23,Kaggle_Egyptian_Salaries_2024
BI engineer,0.25,14000.0,On Site,Cairo,2024-02-23,Kaggle_Egyptian_Salaries_2024
Frontend Developer,2.0,10000.0,On Site,6 of October,2023-11-11,Kaggle_Egyptian_Salaries_2024
Civil Procurement Engineer,5.0,25000.0,On Site,Cairo,2024-01-01,Kaggle_Egyptian_Salaries_2024
Medical representative,1.0,6000.0,On Site,"Alexandria, Egypt",2024-02-01,Kaggle_Egyptian_Salaries_2024
Senior mechanical quality control engineer,105.0,28300.0,On Site,Cairo,2024-02-01,Kaggle_Egyptian_Salaries_2024
Senior accountant,14.0,8500.0,On Site,10th of ramadan,2012-02-23,Kaggle_Egyptian_Salaries_2024
php pty js laravel ajax sql db html css,12.0,35.0,hjgu,hjdth,2024-02-21,Kaggle_Egyptian_Salaries_2024
Technical director,19.0,40.0,Hybird,Alexander,2024-01-01,Kaggle_Egyptian_Salaries_2024
Backend developer,2.0,20000.0,On Site,Makram,2023-12-01,Kaggle_Egyptian_Salaries_2024
Pharmacist,5.0,4000.0,Hybird,Mansoura,2023-02-01,Kaggle_Egyptian_Salaries_2024
Hr clerk,1.0,6000.0,On Site,,2024-02-23,Kaggle_Egyptian_Salaries_2024
Developer,4.0,20.0,On Site,Cairo,2024-02-26,Kaggle_Egyptian_Salaries_2024
junior frontend developer,3.0,6000.0,On Site,alexandria,2024-01-31,Kaggle_Egyptian_Salaries_2024
laptop maintinance,23.0,6000.0,On Site,mansoura,1995-03-06,Kaggle_Egyptian_Salaries_2024
Php developer,0.0,6000.0,On Site,,2024-02-23,Kaggle_Egyptian_Salaries_2024
Physical Security Manager,20.0,42000.0,On Site,Cairo,2022-08-01,Kaggle_Egyptian_Salaries_2024
Full stack .Net  Developer,1.0,17000.0,Hybird,Mansoura,2024-02-01,Kaggle_Egyptian_Salaries_2024
مدير مالي,10.0,170000.0,On Site,بريدة,2024-02-29,Kaggle_Egyptian_Salaries_2024
Devops & linux,5.0,30000.0,On Site,,2024-02-23,Kaggle_Egyptian_Salaries_2024
Oracle HCM Functional Consultant,0.25,13000.0,Hybird,Cairo,2023-12-17,Kaggle_Egyptian_Salaries_2024
Accountant,10.0,18000.0,On Site,Cairo,2024-02-23,Kaggle_Egyptian_Salaries_2024
Integration Engineer/Middleware Developer,1.0,20000.0,Outsource,Smart village,2024-01-01,Kaggle_Egyptian_Salaries_2024
.net developer,4.0,36000.0,Hybird,Cairo,2024-01-27,Kaggle_Egyptian_Salaries_2024
Marketing executive,2.0,15000.0,On Site,Cairo,2024-01-05,Kaggle_Egyptian_Salaries_2024
IBM BPM Developer,2.0,18000.0,Hybird,Giza,2024-02-25,Kaggle_Egyptian_Salaries_2024
IT Application Support Senior Specialist,6.0,20000.0,On Site,Cairo,2023-02-01,Kaggle_Egyptian_Salaries_2024
Senior Application Support Engineer,5.0,12000.0,Remotley,Cairo,2023-06-01,Kaggle_Egyptian_Salaries_2024
Budget and reporting manager,14.0,49000.0,On Site,Cairo,2024-02-25,Kaggle_Egyptian_Salaries_2024
Social media specialist,1.0,2750.0,On Site,Benha,2024-02-23,Kaggle_Egyptian_Salaries_2024
Banker,2.0,7500.0,On Site,Alexandria,2024-02-25,Kaggle_Egyptian_Salaries_2024
Interior Designer,15.0,12.5,On Site,Cairo,2024-01-25,Kaggle_Egyptian_Salaries_2024
IT specialist,4.0,10000.0,Hybird,Giza,2024-02-25,Kaggle_Egyptian_Salaries_2024
Seo specialist,2.0,4000.0,On Site,,2024-01-30,Kaggle_Egyptian_Salaries_2024
Asp.Net Backend Developer,0.0,4500.0,On Site,Mansoura,2024-03-05,Kaggle_Egyptian_Salaries_2024
German Customer service,0.0,22000.0,Hybird,Alexandria,2024-02-01,Kaggle_Egyptian_Salaries_2024
Accountant,2.0,6000.0,Shop,Kfs,2024-03-01,Kaggle_Egyptian_Salaries_2024
PO,0.0,2500.0,On Site,Gada,2024-02-06,Kaggle_Egyptian_Salaries_2024
Mid senior data engineer,2.0,46.0,Remotley,London,2024-02-23,Kaggle_Egyptian_Salaries_2024
Web,0.0,5000.0,On Site,Cairo,2024-02-23,Kaggle_Egyptian_Salaries_2024
Systems engineer,1.0,9000.0,On Site,Cairo,2023-09-11,Kaggle_Egyptian_Salaries_2024
Architect,0.0,8000.0,On Site,Cairo,2024-02-22,Kaggle_Egyptian_Salaries_2024
Graphic designer,1.0,7000.0,Remotley,Cairo,2023-06-16,Kaggle_Egyptian_Salaries_2024
Teaching Assistant architecture,6.0,7400.0,On Site,Alexandria,2024-02-20,Kaggle_Egyptian_Salaries_2024
BI developer,3.0,30000.0,Hybird,Cairo,2024-02-01,Kaggle_Egyptian_Salaries_2024
Full stack(.net+ angular),15.0,15000.0,Remotley,Cairo,2023-09-01,Kaggle_Egyptian_Salaries_2024
React developer,2.0,10000.0,Remotley,Alex,2024-02-29,Kaggle_Egyptian_Salaries_2024
Medical analysis specialist,6.0,1800.0,In door,Elmahalla Elkoubra,2024-02-23,Kaggle_Egyptian_Salaries_2024
DevOps engineer,2.0,60000.0,Remotley,Cairo,2024-02-23,Kaggle_Egyptian_Salaries_2024
Medical representative,1.0,10000.0,On Site,Alexandria,2024-02-23,Kaggle_Egyptian_Salaries_2024
Homeroom teacher,8.0,13000.0,On Site,Cairo,2024-09-01,Kaggle_Egyptian_Salaries_2024
Medical representative,0.0,4500.0,On Site,Luxor,2024-03-01,Kaggle_Egyptian_Salaries_2024
Accountant,9.0,25000.0,Remotley,Dubai,2024-02-20,Kaggle_Egyptian_Salaries_2024
Senior java software engineer,2.0,70.0,Hybird,Cairo,2024-01-01,Kaggle_Egyptian_Salaries_2024
Application support engineer,5.0,23000.0,On Site,Cairo,2024-02-28,Kaggle_Egyptian_Salaries_2024
Engineer,9.0,30000.0,On Site,,2024-02-01,Kaggle_Egyptian_Salaries_2024
Quality Control chemist at pharmaceutical company,7.0,5000.0,On Site,Alexandria,2024-02-28,Kaggle_Egyptian_Salaries_2024
Devops Engineer,2.0,34000.0,Remotley,Cairo,2023-01-30,Kaggle_Egyptian_Salaries_2024
Quality Assurance Engineer,3.0,11000.0,On Site,Cairo,2024-02-23,Kaggle_Egyptian_Salaries_2024
Engineer,4.0,30000.0,On Site,Cairo,2024-02-23,Kaggle_Egyptian_Salaries_2024
Web Developer,15.0,10000.0,Hybird,Giza,2023-10-01,Kaggle_Egyptian_Salaries_2024
Application support lead,11.0,37000.0,Hybird,Cairo,2024-02-23,Kaggle_Egyptian_Salaries_2024
Senior Data Analyst,15.0,30000.0,Hybird,Cairo,2024-02-25,Kaggle_Egyptian_Salaries_2024
Site Engineer,6.0,14000.0,On Site,New administrative capital,2024-01-01,Kaggle_Egyptian_Salaries_2024
Android developer,3.0,23000.0,Hybird,Cairo,2023-08-24,Kaggle_Egyptian_Salaries_2024
Laravel,2.0,3000.0,Remotley,Cairo,2024-02-01,Kaggle_Egyptian_Salaries_2024
Backend developer,1.0,10000.0,On Site,Cairo,2024-02-23,Kaggle_Egyptian_Salaries_2024
Senior Android developer,5.0,60000.0,Remotley,Cairo,2024-01-01,Kaggle_Egyptian_Salaries_2024
Fullstack developer react and node,1.0,12000.0,Remotley,US,2024-01-01,Kaggle_Egyptian_Salaries_2024
Site manager,10.0,12584.0,On Site,Cairo,2024-02-27,Kaggle_Egyptian_Salaries_2024
Lead,9.0,60000.0,Hybird,Cairo,2024-02-01,Kaggle_Egyptian_Salaries_2024
Data Engineer,3.0,36000.0,Hybird,Cairo,2024-02-28,Kaggle_Egyptian_Salaries_2024
Teaching assistant,5.0,8000.0,On Site,Giza,2024-01-25,Kaggle_Egyptian_Salaries_2024
Junior Application support officer,2.0,15700.0,On Site,Madinaty,2024-02-01,Kaggle_Egyptian_Salaries_2024
Senior android developer,4.0,20000.0,On Site,Alexandria,2024-02-23,Kaggle_Egyptian_Salaries_2024
Seo specialist,2.0,5000.0,On Site,Mansoura,2024-02-23,Kaggle_Egyptian_Salaries_2024
Business Applications Support Team Leader,7.0,18.0,On Site,Alexandria,2023-12-31,Kaggle_Egyptian_Salaries_2024
Accountant,7.0,12000.0,On Site,Cairo,2024-03-20,Kaggle_Egyptian_Salaries_2024
Coordinator,2.0,4500.0,On Site,USA,2024-02-29,Kaggle_Egyptian_Salaries_2024
Senior copywriter,5.0,25000.0,On Site,Cairo,2024-02-15,Kaggle_Egyptian_Salaries_2024
Business applications support engineer,1.0,12700.0,On Site,Cairo,2023-08-01,Kaggle_Egyptian_Salaries_2024
Cabin crew,23.0,25000.0,On Site,London,2024-02-23,Kaggle_Egyptian_Salaries_2024
Teacher Assistant,0.0,8000.0,On Site,Giza,2024-01-25,Kaggle_Egyptian_Salaries_2024
HRMS Senior specialist,2.0,21000.0,On Site,Giza,2024-02-23,Kaggle_Egyptian_Salaries_2024
Graphic designer,3.0,6000.0,On Site,Cairo,2024-02-23,Kaggle_Egyptian_Salaries_2024
Ecu hardware design engineer,4.0,14500.0,Hybird,Cairo,2024-02-28,Kaggle_Egyptian_Salaries_2024
Interior designer,1.0,10000.0,Remotley,Cairo,2023-09-22,Kaggle_Egyptian_Salaries_2024
Full-Stack Engineer,2.0,15000.0,Remotley,,2023-11-10,Kaggle_Egyptian_Salaries_2024
Business analyst,4.0,45000.0,Remotley,Cairo,1-01-24,Kaggle_Egyptian_Salaries_2024
Junior Python Developer,1.0,35000.0,Hybird,Mansoura,2024-01-01,Kaggle_Egyptian_Salaries_2024
QC QA mechanical engineer,8.0,20000.0,On Site,Cairo,2024-02-23,Kaggle_Egyptian_Salaries_2024
Frontend (React developer),3.0,15500.0,Remotley,Cairo,2024-02-23,Kaggle_Egyptian_Salaries_2024
Data Science & Analytics,8.0,3.0,Hybird,Cairo,2024-02-01,Kaggle_Egyptian_Salaries_2024
Quality Inspector,15.0,4500.0,On Site,Port said,2024-02-24,Kaggle_Egyptian_Salaries_2024
Blockchain Developer (Web3),9.0,420000.0,Remotley,New York,2024-01-01,Kaggle_Egyptian_Salaries_2024
Bancassurance,25.0,5000.0,Hybird,,2024-01-25,Kaggle_Egyptian_Salaries_2024
Junior Application Support,2.0,16800.0,On Site,Cairo,2024-02-01,Kaggle_Egyptian_Salaries_2024
Data Scientist,1.0,7000.0,Hybird,Cairo,2024-02-01,Kaggle_Egyptian_Salaries_2024
Rust Backend Developer,3.0,8000.0,Remotley,Cairo,2023-12-15,Kaggle_Egyptian_Salaries_2024
Application Support specialist,1.0,17550.0,Hybird,Cairo,2024-02-23,Kaggle_Egyptian_Salaries_2024
General Accountan,3.0,9300.0,On Site,,2024-02-01,Kaggle_Egyptian_Salaries_2024
Linux System administrator,1.0,5000.0,On Site,,2024-02-01,Kaggle_Egyptian_Salaries_2024
Php backend developer,1.0,5000.0,Remotley,6 October,2024-02-23,Kaggle_Egyptian_Salaries_2024
Application Support Engineer,2.0,15.0,On Site,Cairo,2023-12-01,Kaggle_Egyptian_Salaries_2024
Accountant,3.0,8000.0,On Site,Cairo,2024-02-01,Kaggle_Egyptian_Salaries_2024
Data Analyst,1.0,17000.0,Hybird,Cairo,2024-03-01,Kaggle_Egyptian_Salaries_2024
Technical Support Engineer,7.0,14500.0,On Site,New Cairo,2024-01-26,Kaggle_Egyptian_Salaries_2024
Senior Outsystems developer,6.0,53000.0,On Site,Cairo,2024-02-23,Kaggle_Egyptian_Salaries_2024
English teacher at international school,4.0,14.0,On Site,Cairo,2024-02-23,Kaggle_Egyptian_Salaries_2024
Mechanical engineer,4.0,12000.0,Hybird,Nasr city,2024-02-01,Kaggle_Egyptian_Salaries_2024
MERN stack developer,0.5,7500.0,On Site,cairo,2024-01-02,Kaggle_Egyptian_Salaries_2024
Full stack Node js developer,1.0,8000.0,Remotley,California and Cairo,2024-02-01,Kaggle_Egyptian_Salaries_2024
Data Management Engineer,3.0,10000.0,On Site,Cairo,2024-02-01,Kaggle_Egyptian_Salaries_2024
Senior Quality Architect,5.0,20000.0,On Site,Elgouna,2024-01-27,Kaggle_Egyptian_Salaries_2024
Senior Flutter Developer,3.0,60000.0,Hybird,Cairo,2024-01-01,Kaggle_Egyptian_Salaries_2024
Android Developer,25.0,12000.0,Remotley,"Riyadh, Saudi Arabia",2023-03-15,Kaggle_Egyptian_Salaries_2024
Full stack .net developer,1.0,10000.0,On Site,cairo,2024-02-27,Kaggle_Egyptian_Salaries_2024
Full-Stack Developer,1.0,14000.0,On Site,Cairo,2024-01-01,Kaggle_Egyptian_Salaries_2024
Database Administrator,1.0,12000.0,On Site,Cairo,2023-03-01,Kaggle_Egyptian_Salaries_2024
MERN full stack developer,3.0,28000.0,On Site,Cairo,2024-01-01,Kaggle_Egyptian_Salaries_2024
Art instructor,6.0,7000.0,On Site,Cairo,2024-02-12,Kaggle_Egyptian_Salaries_2024
Oracle fusion administrator,25.0,11500.0,On Site,Alex,2024-02-27,Kaggle_Egyptian_Salaries_2024
Technical Support,4.0,13000.0,Hybird,Dubai,2023-05-23,Kaggle_Egyptian_Salaries_2024
Jr java developer,2.0,13.0,On Site,Giza,2024-02-23,Kaggle_Egyptian_Salaries_2024
Technical support engineer (software),3.0,10000.0,Remotley,Cairo,2024-02-23,Kaggle_Egyptian_Salaries_2024
Embedded Software Engineer,1.0,13000.0,Hybird,Cairo,2024-11-01,Kaggle_Egyptian_Salaries_2024
Senior system engineer,5.0,30000.0,Hybird,Cairo,2024-02-01,Kaggle_Egyptian_Salaries_2024
front end developer,2.0,10000.0,Remotley,Cairo,2024-02-15,Kaggle_Egyptian_Salaries_2024
AI engineer,5.0,25000.0,Hybird,Cairo,2024-02-23,Kaggle_Egyptian_Salaries_2024
Logistics Specialist,4.0,7000.0,On Site,Alexandria,2024-02-23,Kaggle_Egyptian_Salaries_2024
Software Engineer,2.0,28000.0,Remotley,Riyad,1998-07-10,Kaggle_Egyptian_Salaries_2024
Java Full stack Developer,1.0,11000.0,Hybird,Cairo,2024-02-23,Kaggle_Egyptian_Salaries_2024
Food,0.0,3000.0,Hybird,Cairo,2024-02-22,Kaggle_Egyptian_Salaries_2024
community pharmacist,2.0,3900.0,On Site,Alexandria,2024-02-01,Kaggle_Egyptian_Salaries_2024
Sr. BI developer,6.0,33000.0,Remotley,Cairo,2024-01-01,Kaggle_Egyptian_Salaries_2024
Frontend Developer,5.0,14000.0,Remotley,,2024-02-20,Kaggle_Egyptian_Salaries_2024
It super visor,12.0,8000.0,On Site,Cairo,2024-02-01,Kaggle_Egyptian_Salaries_2024
Full stack developer (MERN) + React Native,3.0,16000.0,Hybird,6 of October,2024-03-03,Kaggle_Egyptian_Salaries_2024
Assoc software engineer,15.0,24.6,Hybird,Cairo,2024-02-29,Kaggle_Egyptian_Salaries_2024
civil engineer,6.0,8000.0,On Site,mansoura,2024-01-30,Kaggle_Egyptian_Salaries_2024
Full stack developer,2.0,12000.0,Hybird,Cairo,2024-02-23,Kaggle_Egyptian_Salaries_2024
Geologist,0.5,7000.0,On Site,Egypt,2024-02-23,Kaggle_Egyptian_Salaries_2024
React Software Engineer,1.0,20000.0,Hybird,Cairo,2024-02-29,Kaggle_Egyptian_Salaries_2024
Sales & social media Marketing specialist,3.0,3800.0,On Site,Alexandria,2024-02-01,Kaggle_Egyptian_Salaries_2024
Application support specialist,1.0,15.0,On Site,Cairo,2024-02-23,Kaggle_Egyptian_Salaries_2024
GIS frontend developer,35.0,12000.0,Remotley,Cairo,2024-02-23,Kaggle_Egyptian_Salaries_2024
Medical representative,5.0,10000.0,Hybird,Cairo,2024-01-01,Kaggle_Egyptian_Salaries_2024
Data Analyst,1.0,17500.0,Hybird,,2023-05-15,Kaggle_Egyptian_Salaries_2024
Approval manager,8.0,40000.0,On Site,Cairo,2024-02-28,Kaggle_Egyptian_Salaries_2024
Junior UX UI Designer,1.0,15000.0,On Site,Dubai,2024-01-01,Kaggle_Egyptian_Salaries_2024
Ui/Ux Designer,1.0,7000.0,On Site,Cairo,2023-02-23,Kaggle_Egyptian_Salaries_2024
Data modeler,4.0,25000.0,Hybird,,2023-06-19,Kaggle_Egyptian_Salaries_2024
Data analysis,1.0,10000.0,On Site,Cairo,2024-02-20,Kaggle_Egyptian_Salaries_2024
Siebel developer,15.0,12000.0,On Site,Cairo,2024-02-26,Kaggle_Egyptian_Salaries_2024
DevOps,3.0,60000.0,Hybird,Cairo,2024-03-10,Kaggle_Egyptian_Salaries_2024
Mechanical site engineer,8.0,30000.0,On Site,Assiut,2024-02-23,Kaggle_Egyptian_Salaries_2024
JavaScript Developer,3.0,30000.0,On Site,,2023-11-01,Kaggle_Egyptian_Salaries_2024
Oracle developer,3.0,24000.0,On Site,CAIRO,2024-01-01,Kaggle_Egyptian_Salaries_2024
Software Engineer,0.0,12000.0,Hybird,Cairo,2024-01-01,Kaggle_Egyptian_Salaries_2024
Data analyst,1.0,6000.0,On Site,Cairo,2024-01-15,Kaggle_Egyptian_Salaries_2024
"Full-Stack Engineer(Spring, React)",1.0,11000.0,Hybird,,2023-12-22,Kaggle_Egyptian_Salaries_2024
Account Manager,5.0,20000.0,Remotley,Dubai,2023-12-15,Kaggle_Egyptian_Salaries_2024
real estate graphic designer,0.0,12500.0,On Site,new cairo,2024-02-23,Kaggle_Egyptian_Salaries_2024
Network Engineer,10.0,43000.0,On Site,Cairo,2024-01-25,Kaggle_Egyptian_Salaries_2024
Logistics Coordinator,5.0,4000.0,Hybird,cairo,2023-06-01,Kaggle_Egyptian_Salaries_2024
Qc chemist,3.0,6000.0,On Site,Alexandria,2024-02-01,Kaggle_Egyptian_Salaries_2024
Frontend angular,25.0,7300.0,On Site,Cairo,2024-02-28,Kaggle_Egyptian_Salaries_2024
Software developer,0.0,7000.0,On Site,Cairo,2024-01-15,Kaggle_Egyptian_Salaries_2024
Machine learning Engineer,0.0,15000.0,Hybird,Cairo,2023-09-01,Kaggle_Egyptian_Salaries_2024
Frontend Developer,2.0,27000.0,On Site,Cairo,2024-02-23,Kaggle_Egyptian_Salaries_2024
Java Developer,2.0,14000.0,On Site,Alexanderia,2024-01-25,Kaggle_Egyptian_Salaries_2024
Frontend engineer,0.0,14500.0,Hybird,Cairo,2024-01-01,Kaggle_Egyptian_Salaries_2024
.net developer,0.67,12000.0,Hybird,Cairo,2024-01-01,Kaggle_Egyptian_Salaries_2024
English instructor,3.0,14000.0,Remotley,Cairo,2024-01-01,Kaggle_Egyptian_Salaries_2024
projects engineer,1.0,8000.0,On Site,cairo,2024-02-23,Kaggle_Egyptian_Salaries_2024
Clinical information solutions specialist,12.0,26000.0,Hybird,Cairo,2024-02-01,Kaggle_Egyptian_Salaries_2024
Junior Asp.net corr developer,0.0,10000.0,On Site,Cairo,2024-02-23,Kaggle_Egyptian_Salaries_2024
Node.js Backend Developer,1.0,15000.0,Remotley,Cairo,2024-02-01,Kaggle_Egyptian_Salaries_2024
.Net Developer,1.0,15000.0,Hybird,"maadi/cairo , KSA",2024-02-23,Kaggle_Egyptian_Salaries_2024
Java Developer,1.0,12250.0,On Site,Alexandria,2023-07-04,Kaggle_Egyptian_Salaries_2024
Frontend developer,1.0,20000.0,On Site,Cairo,2024-02-23,Kaggle_Egyptian_Salaries_2024
SOC Analyst,2.0,14500.0,On Site,Cairo,2024-01-30,Kaggle_Egyptian_Salaries_2024
Dot Net Developer,13.0,12000.0,Remotley,Cairo,2024-02-27,Kaggle_Egyptian_Salaries_2024
Interior designer / Architecture,1.0,6000.0,Remotley,"Saudi Arabia,  najran",2023-12-01,Kaggle_Egyptian_Salaries_2024
Operation Analyst,4.0,12000.0,On Site,Cairo,2024-02-01,Kaggle_Egyptian_Salaries_2024
Application Support linux and application functionality,4.0,20.0,On Site,Cairo,2024-01-25,Kaggle_Egyptian_Salaries_2024
Front-end Engineer,2.0,20000.0,Remotley,"Cairo, Zamalic",2023-12-01,Kaggle_Egyptian_Salaries_2024
Sales,12.0,10000.0,On Site,Cairo,2024-02-25,Kaggle_Egyptian_Salaries_2024
Team Lead,7.0,51000.0,Hybird,"cairo, riyadh",2024-02-01,Kaggle_Egyptian_Salaries_2024
Full stack .NET developer,1.0,12000.0,Remotley,Kuwait,2024-01-30,Kaggle_Egyptian_Salaries_2024
Flutter Developer,0.25,8000.0,On Site,Mansoura,2024-02-28,Kaggle_Egyptian_Salaries_2024
computer vision engineer,2.0,20000.0,Remotley,cairo,2024-02-10,Kaggle_Egyptian_Salaries_2024
Data Engineer,15.0,22000.0,Hybird,Cairo,2024-02-28,Kaggle_Egyptian_Salaries_2024
Sales man in an electrical appliances store,3.0,7000.0,On Site,Cairo,2023-12-31,Kaggle_Egyptian_Salaries_2024
Architect,15.0,7500.0,On Site,Dubai,2024-02-23,Kaggle_Egyptian_Salaries_2024
Senior Application support,16.0,30000.0,On Site,,2024-02-23,Kaggle_Egyptian_Salaries_2024
Cybersecurity Engineer,3.0,35000.0,Hybird,Cairo,2024-02-01,Kaggle_Egyptian_Salaries_2024
Full Stack Developer,5.0,14000.0,Remotley,Cairo,2024-01-01,Kaggle_Egyptian_Salaries_2024
Interior designer,2.0,3000.0,On Site,Damanhour,2024-02-23,Kaggle_Egyptian_Salaries_2024
PHP Developer,2.0,29000.0,On Site,cairo,2023-02-01,Kaggle_Egyptian_Salaries_2024
Customer service manager,4.0,9000.0,Full tome,Tanta,2024-01-01,Kaggle_Egyptian_Salaries_2024
graphic designer,4.0,5000.0,On Site,alexandria,2023-01-30,Kaggle_Egyptian_Salaries_2024
Frontend Engineer,4.0,50000.0,Hybird,Cairo,2024-01-01,Kaggle_Egyptian_Salaries_2024
Product manager,6.0,200000.0,On Site,,1994-02-23,Kaggle_Egyptian_Salaries_2024
Cyber security engineer,0.33,25000.0,Hybird,,2024-02-01,Kaggle_Egyptian_Salaries_2024
Integration Specialist,1.08,8000.0,On Site,Cairo,2024-02-23,Kaggle_Egyptian_Salaries_2024
Flutter developer,1.0,20000.0,Hybird,Cairo,2024-01-01,Kaggle_Egyptian_Salaries_2024
PHP&mySQL,1.0,2000.0,Hybird,Beni-suef,2024-02-01,Kaggle_Egyptian_Salaries_2024
Sales specialist,1.0,3000.0,On Site,Cairo,2024-02-01,Kaggle_Egyptian_Salaries_2024
Devops,1.0,24.0,Remotley,Cairo,2024-02-29,Kaggle_Egyptian_Salaries_2024
C++ developer,0.0,20000.0,On Site,Cairo,2024-02-23,Kaggle_Egyptian_Salaries_2024
Software Engineer,2.0,15000.0,Hybird,Cairo,2023-05-01,Kaggle_Egyptian_Salaries_2024
Coding Instructor,0.0,6600.0,Remotley,Cairo,2024-02-23,Kaggle_Egyptian_Salaries_2024
.Net developer,2.0,15000.0,Hybird,,2023-05-01,Kaggle_Egyptian_Salaries_2024
Full Stack Developer,6.0,30000.0,Remotley,,2024-01-02,Kaggle_Egyptian_Salaries_2024
Architect,1.0,8800.0,On Site,Cairo,2024-02-24,Kaggle_Egyptian_Salaries_2024
Full Stack Web Developer,1.0,8000.0,Hybird,Cairo,2023-11-14,Kaggle_Egyptian_Salaries_2024
data scientist,0.0,20000.0,Remotley,cairo,2024-01-23,Kaggle_Egyptian_Salaries_2024
اخصائي مساحة,3.0,6000.0,Remotley,,2020-10-05,Kaggle_Egyptian_Salaries_2024
Senior business analyst,3.0,40000.0,Hybird,,2024-02-24,Kaggle_Egyptian_Salaries_2024
Architect,4.0,22.0,On Site,Cairo,2024-02-24,Kaggle_Egyptian_Salaries_2024
Senior dot net developer,6.0,60000.0,Hybird,Dubai,2024-02-24,Kaggle_Egyptian_Salaries_2024
Application Support Engineer,4.0,30000.0,On Site,Cairo,2024-01-01,Kaggle_Egyptian_Salaries_2024
Frontend Developer,1.0,15400.0,Hybird,Cairo,2024-02-04,Kaggle_Egyptian_Salaries_2024
Full Stack Developer,3.0,60000.0,On Site,cairo,2024-02-20,Kaggle_Egyptian_Salaries_2024
fullstack vue + python,1.0,20000.0,Remotley,Texas,2023-09-01,Kaggle_Egyptian_Salaries_2024
Data Analyst,1.0,13000.0,Hybird,Cairo,2024-02-24,Kaggle_Egyptian_Salaries_2024
iOS Developer,2.0,18000.0,Hybird,Kuwait,2024-01-01,Kaggle_Egyptian_Salaries_2024
Quality assurance especialist,2.0,4500.0,On Site,Cairo,2023-10-01,Kaggle_Egyptian_Salaries_2024
Dental cad designer,2.0,51000.0,Remotley,,2023-07-07,Kaggle_Egyptian_Salaries_2024
Electrical engineer,3.0,6000.0,On Site,Mahlla,2024-01-01,Kaggle_Egyptian_Salaries_2024
Mep engineer,5.0,100000.0,On Site,Cairo,2024-02-24,Kaggle_Egyptian_Salaries_2024
Copy writer,3.0,3000.0,On Site,Mansoura,2023-11-01,Kaggle_Egyptian_Salaries_2024
Senior Graphic Designer,3.0,15000.0,On Site,Cairo,2024-02-24,Kaggle_Egyptian_Salaries_2024
Sr. RPA Developer,4.0,29500.0,Hybird,Giza,2024-01-01,Kaggle_Egyptian_Salaries_2024
BMC Remedy Developer (low code),1.0,20000.0,Hybird,Cairo,2024-01-31,Kaggle_Egyptian_Salaries_2024
Web developer,5.0,9000.0,Remotley,KSA,2024-01-01,Kaggle_Egyptian_Salaries_2024
IT,5.0,10000.0,Remotley,Cairo,2024-02-24,Kaggle_Egyptian_Salaries_2024
Sales,10.0,50000.0,Hybird,Cairo,2024-03-02,Kaggle_Egyptian_Salaries_2024
Backend Developer,5.0,36000.0,Remotley,Cairo,2023-03-01,Kaggle_Egyptian_Salaries_2024
PHP Developer,35.0,28000.0,On Site,Cairo,2024-03-01,Kaggle_Egyptian_Salaries_2024
Oil and gas construction engineer,16.0,25000.0,On Site,Cairo,2008-03-18,Kaggle_Egyptian_Salaries_2024
ظابط بالقوات المسلحة,4.0,12000.0,On Site,Elbehaira,2020-12-15,Kaggle_Egyptian_Salaries_2024
Gis instructor,2.0,17800.0,On Site,Cairo,2024-02-25,Kaggle_Egyptian_Salaries_2024
Graphic designer,9.0,10000.0,On Site,Portsaid,2024-01-01,Kaggle_Egyptian_Salaries_2024
Site civil engineer,3.0,7000.0,On Site,Cairo,2024-02-24,Kaggle_Egyptian_Salaries_2024
Ux ui designer,2.0,9000.0,On Site,Alexandria,2024-02-24,Kaggle_Egyptian_Salaries_2024
Pr,2.0,4000.0,On Site,Damietta,2024-02-24,Kaggle_Egyptian_Salaries_2024
PHP Developer,10.0,100000.0,On Site,El Doqy,2050-12-20,Kaggle_Egyptian_Salaries_2024
Accountant,1.0,6500.0,On Site,Cairo,2024-01-01,Kaggle_Egyptian_Salaries_2024
PHP Back End Developer,5.0,48.0,Remotley,Cairo,2023-11-22,Kaggle_Egyptian_Salaries_2024
Software test engineer,4.0,30.0,Hybird,Cairo,2024-01-28,Kaggle_Egyptian_Salaries_2024
Business Intelligence Engineer,1.0,28000.0,Hybird,Cairo,2024-02-24,Kaggle_Egyptian_Salaries_2024
Android developer,4.0,30000.0,Hybird,,2023-06-01,Kaggle_Egyptian_Salaries_2024
Drilling engineer,5.0,50.0,On Site,Field,2024-01-01,Kaggle_Egyptian_Salaries_2024
Data scientist,2.0,21200.0,Hybird,,2024-02-28,Kaggle_Egyptian_Salaries_2024
Pharmacist,0.0,4400.0,On Site,Ismailia,2024-02-06,Kaggle_Egyptian_Salaries_2024
مدينة العبور _ القاهرة,10.0,3500.0,On Site,مدينه العبور _ القاهرة _ مصر,2023-12-31,Kaggle_Egyptian_Salaries_2024
HR Section Head,4.0,14500.0,On Site,Cairo,2024-02-01,Kaggle_Egyptian_Salaries_2024
"Software developer - spring boot , angular",1.0,15600.0,Hybird,Cairo,2024-02-01,Kaggle_Egyptian_Salaries_2024
Cable Testing engineer,2.0,10000.0,On Site,Giza,2024-01-01,Kaggle_Egyptian_Salaries_2024
Network engineer,3.0,17000.0,Remotley,Cairo,2024-02-29,Kaggle_Egyptian_Salaries_2024
Senior Data Analyst,5.0,23000.0,On Site,Giza,2024-02-28,Kaggle_Egyptian_Salaries_2024
Frontend developer ReactJS,15.0,24000.0,Hybird,Giza,2024-02-24,Kaggle_Egyptian_Salaries_2024
Data analyst Senior Specialist,3.0,16000.0,Hybird,Giza,2024-02-24,Kaggle_Egyptian_Salaries_2024
SAP Application Developer,2.0,20000.0,Hybird,Cairo,2024-02-24,Kaggle_Egyptian_Salaries_2024
Javascript developer,1.0,20000.0,On Site,Cairo,2023-10-01,Kaggle_Egyptian_Salaries_2024
Pharmacist,1.0,6000.0,On Site,Giza,2024-02-29,Kaggle_Egyptian_Salaries_2024
Graphic Designer,2.0,9000.0,On Site,Cairo,2024-02-01,Kaggle_Egyptian_Salaries_2024
Embedded SW test engineer,2.0,32000.0,On Site,,2024-02-24,Kaggle_Egyptian_Salaries_2024
Machine learning engineer,3.0,35000.0,Remotley,,2024-01-01,Kaggle_Egyptian_Salaries_2024
Flutter Developer,0.33,8000.0,Remotley,Dubai,2024-02-24,Kaggle_Egyptian_Salaries_2024
UI UX designer,1.0,7000.0,Hybird,Cairo,2024-03-01,Kaggle_Egyptian_Salaries_2024
Senior IT infrastructure Engineer,4.0,45.0,Hybird,Cairo,2024-02-24,Kaggle_Egyptian_Salaries_2024
Graphic designer,1.0,3500.0,On Site,Cairo,2024-02-24,Kaggle_Egyptian_Salaries_2024
Software testing team lead,10.0,50000.0,On Site,,1-02-20,Kaggle_Egyptian_Salaries_2024
SENIOR SOFTWARE ENHINEER,7.0,38000.0,Hybird,Alexandria,2024-01-31,Kaggle_Egyptian_Salaries_2024
Junior front end developer,0.0,700.0,On Site,Alexandria,2024-02-25,Kaggle_Egyptian_Salaries_2024
Django developer,1.0,8000.0,Hybird,Cairo,2024-02-24,Kaggle_Egyptian_Salaries_2024
Technical Engineer,2.0,9500.0,Hybird,Cairo,2023-12-25,Kaggle_Egyptian_Salaries_2024
Fullstack Developer (laravel & flutter),12.0,11000.0,Hybird,Cairo,2024-01-01,Kaggle_Egyptian_Salaries_2024
flutter developer,3.0,27500.0,Hybird,cairo,2024-01-01,Kaggle_Egyptian_Salaries_2024
Backend developer,1.0,10.0,On Site,Cairo,2025-01-01,Kaggle_Egyptian_Salaries_2024
Junior developer .net,1.0,27000.0,On Site,Cairo smart village,2024-02-01,Kaggle_Egyptian_Salaries_2024
Data Analytics Engineer,1.0,23000.0,Hybird,Cairo,2024-02-24,Kaggle_Egyptian_Salaries_2024
It help desk,1.0,7000.0,On Site,Cairo,2024-01-27,Kaggle_Egyptian_Salaries_2024
Physical Therapist,2.0,1400.0,On Site,El Mansoura,2024-02-24,Kaggle_Egyptian_Salaries_2024
Front end developer,2.0,18500.0,On Site,,1998-04-12,Kaggle_Egyptian_Salaries_2024
.Net developer,0.0,5500.0,Remotley,,2024-01-01,Kaggle_Egyptian_Salaries_2024
Flutter Developer,3.0,25000.0,Remotley,Cairo,2024-02-19,Kaggle_Egyptian_Salaries_2024
UX Designer,0.0,6600.0,Hybird,"Cairo, Maadi",2024-01-31,Kaggle_Egyptian_Salaries_2024
tester,1.0,5000.0,Remotley,cairo,2023-11-01,Kaggle_Egyptian_Salaries_2024
PHP Developer,0.0,15000.0,On Site,"Cairo,Saudi",2023-12-10,Kaggle_Egyptian_Salaries_2024
Full stack web developer . Net & angular,26.0,23500.0,On Site,Maadi,2024-01-01,Kaggle_Egyptian_Salaries_2024
Business Analyst,0.0,8000.0,On Site,Cairo,2024-02-24,Kaggle_Egyptian_Salaries_2024
Machine learning engineer,1.0,10000.0,On Site,Cairo,2024-02-24,Kaggle_Egyptian_Salaries_2024
System administrator,1.0,8000.0,On Site,Cairo,2024-02-25,Kaggle_Egyptian_Salaries_2024
DevOps engineer,0.67,15000.0,Hybird,,2024-02-25,Kaggle_Egyptian_Salaries_2024
Data Analyst,2.0,0.0,Remotley,,2024-02-25,Kaggle_Egyptian_Salaries_2024
Business Intelligence Specialist,1.0,13700.0,On Site,"Alexandria, Egypt",2023-10-01,Kaggle_Egyptian_Salaries_2024
. Net Developer,2.0,13500.0,Remotley,,2024-01-29,Kaggle_Egyptian_Salaries_2024
Digital marketing specialist,5.0,20000.0,On Site,Giza,2024-01-01,Kaggle_Egyptian_Salaries_2024
Php developer,4.0,19000.0,On Site,Cairo,2024-02-01,Kaggle_Egyptian_Salaries_2024
flutter developer,2.0,10000.0,On Site,Mansora,2024-01-01,Kaggle_Egyptian_Salaries_2024
Backed developer c sharp,3.0,12000.0,Remotley,Cairo,2024-03-05,Kaggle_Egyptian_Salaries_2024
Front-end Developer,7.0,30000.0,Hybird,Giza,2023-08-28,Kaggle_Egyptian_Salaries_2024
Backend.Net Developer,1.0,15000.0,Remotley,Riyadh,2024-01-01,Kaggle_Egyptian_Salaries_2024
Web GIS developer,3.0,13800.0,Hybird,Cairo,2023-02-01,Kaggle_Egyptian_Salaries_2024
Software engineer,2.0,16000.0,On Site,Cairo,2024-02-25,Kaggle_Egyptian_Salaries_2024
Customers services,2.0,3100.0,On Site,Cairo,2020-09-20,Kaggle_Egyptian_Salaries_2024
Flutter Developer,4.0,18000.0,On Site,,1999-12-13,Kaggle_Egyptian_Salaries_2024
Software engineer,3.0,50000.0,Remotley,Ryad,2024-02-18,Kaggle_Egyptian_Salaries_2024
Back end laravel,1.0,5000.0,On Site,Mansoura,2024-02-29,Kaggle_Egyptian_Salaries_2024
.NET Developer,0.0,7000.0,Hybird,Cairo,2024-02-01,Kaggle_Egyptian_Salaries_2024
.NET Developer,1.0,8000.0,Remotley,Bahrain,2024-01-31,Kaggle_Egyptian_Salaries_2024
Flutter Developer,1.0,8000.0,Remotley,Tanta,2024-02-26,Kaggle_Egyptian_Salaries_2024
Senior sales,11.0,10000.0,Hybird,Cairo,2024-02-01,Kaggle_Egyptian_Salaries_2024
Php laravel developer,1.0,11000.0,Remotley,Cairo,2024-02-26,Kaggle_Egyptian_Salaries_2024
Data Engineer,3.0,25000.0,Hybird,Cairo,2023-10-20,Kaggle_Egyptian_Salaries_2024
performance analyst,0.25,11500.0,On Site,smart village,2024-02-25,Kaggle_Egyptian_Salaries_2024
Business analysis,0.5,5000.0,On Site,Mansoura,2024-03-05,Kaggle_Egyptian_Salaries_2024
Full stack .net developer,5.0,11000.0,On Site,Cairo,2024-02-01,Kaggle_Egyptian_Salaries_2024
Software Engineer,3.0,28500.0,Hybird,Cairo,2024-02-28,Kaggle_Egyptian_Salaries_2024
Odoo Developer,1.0,17000.0,On Site,5th settelment,2024-02-26,Kaggle_Egyptian_Salaries_2024
Network Engineer,5.0,20000.0,Hybird,Cairo,2024-02-26,Kaggle_Egyptian_Salaries_2024
Full Stack Software Engineer,2.0,23000.0,Hybird,"Originally in Saudi Arabia, but has site on Cairo",2024-03-01,Kaggle_Egyptian_Salaries_2024
Back End Engineer,2.0,20000.0,Remotley,cairo,2024-02-26,Kaggle_Egyptian_Salaries_2024
Odoo Developer,1.0,11000.0,On Site,Cairo,2024-02-01,Kaggle_Egyptian_Salaries_2024
Data annotation team leader,6.0,32000.0,Hybird,,2024-02-20,Kaggle_Egyptian_Salaries_2024
Data Engineer,1.0,21.0,Hybird,Cairo,2024-02-26,Kaggle_Egyptian_Salaries_2024
Business development manager,6.0,15000.0,On Site,Cairo,2024-02-26,Kaggle_Egyptian_Salaries_2024
Data engineer,0.5,17000.0,On Site,Ejada,2023-01-11,Kaggle_Egyptian_Salaries_2024
Senior Product Marketing,3.0,14000.0,On Site,Cairo,2024-02-26,Kaggle_Egyptian_Salaries_2024
Data Analyst,4.0,30000.0,On Site,Cairo,2024-02-26,Kaggle_Egyptian_Salaries_2024
AI Engineer,1.0,19800.0,Hybird,Cairo,2024-02-26,Kaggle_Egyptian_Salaries_2024
Data engineer,3.0,30000.0,On Site,Cairo,2023-03-19,Kaggle_Egyptian_Salaries_2024
Senior Data Scientist,4.0,80000.0,Remotley,Cairo,2024-02-26,Kaggle_Egyptian_Salaries_2024
Mid level .net developer,2.0,20000.0,Hybird,Cairo,2024-02-26,Kaggle_Egyptian_Salaries_2024
Cost accountant,2.0,6000.0,On Site,6 October,2024-02-28,Kaggle_Egyptian_Salaries_2024
Senior Professional Services Engineer,8.0,24000.0,Hybird,"Texas, USA",2024-02-26,Kaggle_Egyptian_Salaries_2024
senior frontend engineer,6.0,110000.0,On Site,Cairo,2024-01-31,Kaggle_Egyptian_Salaries_2024
Technical Support Engineer,1.0,13000.0,Hybird,United States,2023-04-01,Kaggle_Egyptian_Salaries_2024
Data Scientist,3.0,19000.0,Hybird,cairo,2023-02-26,Kaggle_Egyptian_Salaries_2024
Flutter Developer,2.0,37.5,Remotley,,2022-01-26,Kaggle_Egyptian_Salaries_2024
Data Scientist,3.0,40000.0,Hybird,cairo,2023-11-01,Kaggle_Egyptian_Salaries_2024
Software Developer,0.17,12000.0,Hybird,Cairo,2023-12-17,Kaggle_Egyptian_Salaries_2024
Software Engineer,4.0,45000.0,Remotley,cairo,2024-02-25,Kaggle_Egyptian_Salaries_2024
Php Developer,2.0,16.0,Remotley,Riyadh,2023-11-01,Kaggle_Egyptian_Salaries_2024
Full stack javascript developer,15.0,8000.0,Hybird,Mansoura,2024-02-26,Kaggle_Egyptian_Salaries_2024
Frontend Developer,3.0,68000.0,Hybird,"Cairo, Nasr city",2024-02-26,Kaggle_Egyptian_Salaries_2024
Senior QA eng,5.0,50000.0,Hybird,"Cairo, Maadi",2024-01-01,Kaggle_Egyptian_Salaries_2024
Typist,2.0,3300.0,On Site,Cairo,2022-03-21,Kaggle_Egyptian_Salaries_2024
Senior software quality control engineer,5.0,29000.0,Hybird,Giza,2024-02-26,Kaggle_Egyptian_Salaries_2024
Frontend Engineer,7.0,110000.0,On Site,cairo,2024-02-26,Kaggle_Egyptian_Salaries_2024
Data Engineer,0.0,25000.0,Hybird,Cairo,2024-02-28,Kaggle_Egyptian_Salaries_2024
UI/UX Designer,2.0,7000.0,Remotley,Remotely,2023-12-01,Kaggle_Egyptian_Salaries_2024
It help desk,0.0,6000.0,On Site,Giza,2024-02-26,Kaggle_Egyptian_Salaries_2024
MEARN STACK -Front end Developer,1.0,8000.0,On Site,Aswan,2024-02-29,Kaggle_Egyptian_Salaries_2024
Senior software engineer,45.0,80000.0,On Site,cairo,2024-02-01,Kaggle_Egyptian_Salaries_2024
Java developer,1.0,12000.0,On Site,cairo,2024-01-30,Kaggle_Egyptian_Salaries_2024
Performance Analyst,2.0,21000.0,Hybird,Giza,2024-02-28,Kaggle_Egyptian_Salaries_2024
UI UX Designer,2.0,8000.0,On Site,cairo,2022-01-01,Kaggle_Egyptian_Salaries_2024
Android Developer / Flutter Developer,21.0,15000.0,On Site,Cairo,2024-02-27,Kaggle_Egyptian_Salaries_2024
Teamlead backend developer PHP,3.0,15000.0,On Site,Mansoura,2023-10-01,Kaggle_Egyptian_Salaries_2024
Customer service officer,1.0,4500.0,On Site,cairo,2023-09-01,Kaggle_Egyptian_Salaries_2024
RPA Developer,1.0,12000.0,Remotley,Smart Village,2024-02-27,Kaggle_Egyptian_Salaries_2024
Full stack .NET & Angular,6.0,52000.0,Hybird,Cairo,2024-01-01,Kaggle_Egyptian_Salaries_2024
Flutter developer,1.0,8000.0,On Site,,2024-01-01,Kaggle_Egyptian_Salaries_2024
Junior PHP Developer,0.0,9500.0,Hybird,"5th Settlement, new cairo",2023-10-15,Kaggle_Egyptian_Salaries_2024
Angular developer,2.0,23000.0,Hybird,Cairo,2024-02-29,Kaggle_Egyptian_Salaries_2024
Supply chain analyst,15.0,8240.0,On Site,Cairo,2024-02-25,Kaggle_Egyptian_Salaries_2024
Supply chain lead,15.0,35000.0,On Site,Cairo,2024-01-01,Kaggle_Egyptian_Salaries_2024
Data Analytics Officer,1.0,8500.0,On Site,New Cairo-Cairo,2023-04-02,Kaggle_Egyptian_Salaries_2024
IT Security Engineer,1.0,20000.0,On Site,Cairo,2024-02-01,Kaggle_Egyptian_Salaries_2024
Sales Data Analyst,15.0,8500.0,On Site,Mansoura,2024-02-27,Kaggle_Egyptian_Salaries_2024
Data analytics,0.0,8000.0,On Site,Cairo,2024-02-19,Kaggle_Egyptian_Salaries_2024
Crm developer,5.0,50000.0,Remotley,Cairo,2024-01-01,Kaggle_Egyptian_Salaries_2024
Quality Assurance Senior Specialist,5.0,18000.0,On Site,Cairo,2024-02-01,Kaggle_Egyptian_Salaries_2024
Warehouse Supervisor,5.0,13500.0,On Site,Cairo,2024-02-27,Kaggle_Egyptian_Salaries_2024
سيلز,4.0,4000.0,On Site,القاهرة,2023-03-10,Kaggle_Egyptian_Salaries_2024
Marketing Director,15.0,60.0,On Site,Cairo,2024-02-27,Kaggle_Egyptian_Salaries_2024
Data analyst,1.0,7500.0,Remotley,"Cairo , elrehab",2024-02-02,Kaggle_Egyptian_Salaries_2024
Senior tax accountant,6.0,25000.0,On Site,Cairo,2024-02-27,Kaggle_Egyptian_Salaries_2024
Data analysis,2.0,5000.0,Remotley,Cairo,2022-12-13,Kaggle_Egyptian_Salaries_2024
Quality assurance officer in chemical industry,3.0,8700.0,On Site,Cairo,2024-02-27,Kaggle_Egyptian_Salaries_2024
Bi Developer,2.0,16000.0,Hybird,Giza,2023-09-28,Kaggle_Egyptian_Salaries_2024
Customer Service Representative,7.0,7000.0,On Site,Cairo,2024-02-27,Kaggle_Egyptian_Salaries_2024
Senior Business intelligence Engineer,4.0,37000.0,Hybird,United Kingdom,2023-11-01,Kaggle_Egyptian_Salaries_2024
Internal audit,1.0,6500.0,On Site,Giza,1998-12-26,Kaggle_Egyptian_Salaries_2024
Service desk agent,1.0,14000.0,Hybird,Cairo,2024-02-01,Kaggle_Egyptian_Salaries_2024
NLP Engineer,1.0,16000.0,Hybird,cairo,2024-02-27,Kaggle_Egyptian_Salaries_2024
Clinical pharmacist,3.0,8500.0,On Site,Cairo,2024-02-01,Kaggle_Egyptian_Salaries_2024
graphic designer,1.0,6500.0,On Site,cairo,2023-09-01,Kaggle_Egyptian_Salaries_2024
Sales,1.0,4000.0,On Site,Hurghada,2024-02-27,Kaggle_Egyptian_Salaries_2024
Junior java developer,1.0,14000.0,Hybird,Cairo,2023-06-15,Kaggle_Egyptian_Salaries_2024
Odoo implementer,1.0,15000.0,On Site,Cairo,2024-01-01,Kaggle_Egyptian_Salaries_2024
Business consultant,5.0,25000.0,On Site,Cairo,2024-02-10,Kaggle_Egyptian_Salaries_2024
Flutter Developer,1.0,5000.0,Hybird,Mansoura,2023-08-15,Kaggle_Egyptian_Salaries_2024
Full Stack Web Developer,8.0,7000.0,Remotley,Alex + Cairo,2024-02-27,Kaggle_Egyptian_Salaries_2024
System Administrator,2.0,5000.0,Remotley,Cairo,2024-02-27,Kaggle_Egyptian_Salaries_2024
DBA,15.0,16.0,On Site,,2024-02-01,Kaggle_Egyptian_Salaries_2024
Product specialist (medical sales),2.0,12000.0,Hybird,"Cairo, Zagazig",2024-01-01,Kaggle_Egyptian_Salaries_2024
Frontend,25.0,35000.0,Hybird,Cairo,2021-01-02,Kaggle_Egyptian_Salaries_2024
Graphic designer,0.0,10.0,On Site,Alexandria,2024-02-27,Kaggle_Egyptian_Salaries_2024
Full stack web developer,0.5,8000.0,Hybird,Mansaura,2024-02-27,Kaggle_Egyptian_Salaries_2024
BI,2.0,10000.0,On Site,,2022-01-01,Kaggle_Egyptian_Salaries_2024
Full stack developer python,1.0,8000.0,Remotley,Cairo,2024-02-27,Kaggle_Egyptian_Salaries_2024
Odoo,0.58,10000.0,Hybird,,2024-03-01,Kaggle_Egyptian_Salaries_2024
React.js developer,5.0,8000.0,On Site,Alexandria,2024-01-28,Kaggle_Egyptian_Salaries_2024
Fullstack intern - Java & Angular,5.0,12000.0,Remotley,,2024-02-25,Kaggle_Egyptian_Salaries_2024
Data analyst,2.0,10000.0,On Site,Cairo,2024-02-25,Kaggle_Egyptian_Salaries_2024
Senior Software Developer php,3.0,17000.0,On Site,Cairo,2024-02-26,Kaggle_Egyptian_Salaries_2024
java developer,0.0,12000.0,On Site,cairo,2024-02-28,Kaggle_Egyptian_Salaries_2024
AI Engineer,0.0,17000.0,On Site,Cairo,2024-03-03,Kaggle_Egyptian_Salaries_2024
(AKA) DevOps Engineer,2.0,7000.0,On Site,Giza,2024-02-01,Kaggle_Egyptian_Salaries_2024
Sales coordinator,0.0,11.0,On Site,Cairo,2023-11-01,Kaggle_Egyptian_Salaries_2024
DevOps Engineer,1.0,17000.0,Remotley,Cairo,2024-02-28,Kaggle_Egyptian_Salaries_2024
Siebel CRM developer,1.0,14500.0,On Site,Cairo,2024-02-29,Kaggle_Egyptian_Salaries_2024
Wordpress developer,4.0,14000.0,Hybird,Cairo,2024-02-28,Kaggle_Egyptian_Salaries_2024
Unity Game Developer,3.0,0.0,Remotley,,2024-02-28,Kaggle_Egyptian_Salaries_2024
Python developer,1.0,20000.0,Remotley,London,2024-02-01,Kaggle_Egyptian_Salaries_2024
Front End Developer,1.0,8000.0,Remotley,Saudi,2023-10-01,Kaggle_Egyptian_Salaries_2024
laravel developer,2.0,8000.0,On Site,cairo,2024-02-28,Kaggle_Egyptian_Salaries_2024
Full Stack Node Angular,2.0,16000.0,Remotley,Cairo,2024-02-01,Kaggle_Egyptian_Salaries_2024
Backend Developer,1.0,12000.0,Remotley,,2024-03-01,Kaggle_Egyptian_Salaries_2024
Data Engineer intern,0.5,12000.0,Hybird,Cairo,2024-02-28,Kaggle_Egyptian_Salaries_2024
Software Development team leader,7.0,80000.0,Hybird,Cairo,2024-02-28,Kaggle_Egyptian_Salaries_2024
Senior software engineer and team lead,14.0,200000.0,Hybird,Poznan,2024-02-28,Kaggle_Egyptian_Salaries_2024
Software Engineer,3.0,20000.0,Hybird,Cairo,2024-02-27,Kaggle_Egyptian_Salaries_2024
Software support engineer,3.0,8000.0,Hybird,Cairo,2024-01-01,Kaggle_Egyptian_Salaries_2024
Software QA,1.0,20000.0,Remotley,Giza,2024-02-01,Kaggle_Egyptian_Salaries_2024
Embedded software engineer,2.0,40000.0,Hybird,Cairo,2024-01-01,Kaggle_Egyptian_Salaries_2024
Senior Android-Flutter,7.0,40000.0,Remotley,"Egypt, dubai",2023-12-06,Kaggle_Egyptian_Salaries_2024
DevOps Engineer,1.0,23900.0,Hybird,cairo,2024-02-01,Kaggle_Egyptian_Salaries_2024
Teaching assistant,4.0,6500.0,Hybird,Giza,2024-02-29,Kaggle_Egyptian_Salaries_2024
Manufacturing manager,7.0,50000.0,On Site,Cairo,2024-01-01,Kaggle_Egyptian_Salaries_2024
Senior dot net developer,4.0,30000.0,Hybird,Cairo,2024-01-21,Kaggle_Egyptian_Salaries_2024
Android Developer,4.0,20000.0,Hybird,,2024-02-29,Kaggle_Egyptian_Salaries_2024
.NET developer,1.0,16000.0,On Site,Cairo,2024-02-28,Kaggle_Egyptian_Salaries_2024
Front-End Developer,1.0,8000.0,Remotley,Cairo,2023-10-01,Kaggle_Egyptian_Salaries_2024
Mechanical maintenance engineer,5.0,15700.0,On Site,Sokhna,2024-02-26,Kaggle_Egyptian_Salaries_2024
Principal Dotnet Developer,65.0,37500.0,On Site,Alexandria,2023-08-01,Kaggle_Egyptian_Salaries_2024
Full Stack Developer,3.0,23500.0,Remotley,Cairo - California,2024-02-25,Kaggle_Egyptian_Salaries_2024
Php developer,5.0,25000.0,Remotley,Dubai,2024-02-01,Kaggle_Egyptian_Salaries_2024
.NET Developer,15.0,27000.0,Hybird,Cairo,2024-02-26,Kaggle_Egyptian_Salaries_2024
Frontend developer,15.0,22000.0,Hybird,Cairo,2024-02-28,Kaggle_Egyptian_Salaries_2024
Data Analyst,2.0,15000.0,Hybird,Giza,2024-01-01,Kaggle_Egyptian_Salaries_2024
Full stack developer using .Net,1.0,12000.0,Remotley,Cairo,2024-02-29,Kaggle_Egyptian_Salaries_2024
Business Intelligence Developer,1.0,20000.0,Hybird,Cairo,2023-07-04,Kaggle_Egyptian_Salaries_2024
Junior softwrae Engineer,15.0,18000.0,1 remote 4 on site,Cairo,2024-01-01,Kaggle_Egyptian_Salaries_2024
Sales account manager,1.0,5000.0,On Site,Cairo,2024-02-05,Kaggle_Egyptian_Salaries_2024
HR specialist,1.0,7000.0,On Site,El Alamieen,2024-03-01,Kaggle_Egyptian_Salaries_2024
.Net developer,3.0,30000.0,Hybird,Cairo,2024-02-01,Kaggle_Egyptian_Salaries_2024
UI developer,4.0,20000.0,Remotley,,2024-02-15,Kaggle_Egyptian_Salaries_2024
Internal control,0.25,10000.0,On Site,Cairo,2024-02-22,Kaggle_Egyptian_Salaries_2024
Data  analysis and it support,18.0,20000.0,All,Cairo,2024-03-25,Kaggle_Egyptian_Salaries_2024
Beginner,3.0,15000.0,On Site,,2024-02-01,Kaggle_Egyptian_Salaries_2024
Quality control and automation engineer,2.0,22400.0,Hybird,Cairo,2024-03-01,Kaggle_Egyptian_Salaries_2024
Call center agent,1.0,3645.0,On Site,Cairo,2024-03-05,Kaggle_Egyptian_Salaries_2024
Product specialist,1.0,6000.0,Hybird,"Cairo, New Nozha",2024-03-01,Kaggle_Egyptian_Salaries_2024
Fluuter developer,1.0,14000.0,Hybird,Cairo,2023-03-01,Kaggle_Egyptian_Salaries_2024
Data analyst and operation executive,3.0,10.0,On Site,Cairo,2024-03-01,Kaggle_Egyptian_Salaries_2024
Senior Application Support Engineer,55.0,27000.0,Hybird,"Cairo, Smart village",2024-01-01,Kaggle_Egyptian_Salaries_2024
DevOps Engineer,1.0,25000.0,Hybird,Cairo,2024-03-02,Kaggle_Egyptian_Salaries_2024
Frontend Developer | React Developer,15.0,18000.0,Hybird,Cairo,2023-09-01,Kaggle_Egyptian_Salaries_2024
director of preventive medicine,23.0,7500.0,On Site,cairo,2024-03-02,Kaggle_Egyptian_Salaries_2024
Mobile developer Android and iOS,2.0,30000.0,Hybird,Alexanderia,2024-03-03,Kaggle_Egyptian_Salaries_2024
Junior Data Scientist,1.0,32000.0,Hybird,Giza,2024-02-20,Kaggle_Egyptian_Salaries_2024
Font End Developer (Angular),1.0,25.0,Remotley,Cairo,2024-03-06,Kaggle_Egyptian_Salaries_2024
Embedded software developer,1.0,26000.0,Hybird,Cairo,2024-02-01,Kaggle_Egyptian_Salaries_2024
Java developer,5.0,55000.0,Hybird,Cairo,2024-03-07,Kaggle_Egyptian_Salaries_2024
Php developer,1.0,10000.0,Remotley,Cairo,2024-03-01,Kaggle_Egyptian_Salaries_2024
MERN develeoper,3.0,20000.0,On Site,Cairo,2024-02-05,Kaggle_Egyptian_Salaries_2024
Seniors interior design,7.0,19000.0,Remotley,Cairo,2024-01-01,Kaggle_Egyptian_Salaries_2024
DevOps Engineer,1.0,29000.0,Hybird,cairo,2024-03-03,Kaggle_Egyptian_Salaries_2024
